id,first_name,last_name,email,gender,birthdate
09-6609653,Ange,Tunsley,atunsley0@redcross.org,Female,4/26/1970
59-9061891,Steven,Auton,sauton1@intel.com,Male,8/18/2004
41-3015279,Claudianus,Godehard.sf,cgodehardsf2@elpais.com,Male,12/4/1960
23-6800080,Julianna,Izacenko,jizacenko3@domainmarket.com,Female,5/25/1979
88-4079182,Callean,Merrilees,cmerrilees4@google.it,Male,1/20/1970
27-5177322,Kerrill,Baldry,kbaldry5@miitbeian.gov.cn,Female,5/12/1982
15-0159695,Bernita,McJerrow,bmcjerrow6@thetimes.co.uk,Female,5/19/1963
25-3196732,Shelly,Claxson,sclaxson7@shinystat.com,Female,10/13/1994
02-5136559,Onida,Pellatt,opellatt8@delicious.com,Female,2/18/1999
49-8898165,Clio,Facchini,cfacchini9@privacy.gov.au,Female,5/10/1996
06-1835422,Clive,Tomaszewski,ctomaszewskia@cbslocal.com,Male,6/1/1992
02-8735007,Arden,Sheerin,asheerinb@jigsy.com,Female,1/11/1980
94-4706954,Gradeigh,Bernade,gbernadec@yellowpages.com,Male,12/17/1966
01-3720075,Traci,Arlet,tarletd@nbcnews.com,Female,1/24/2002
98-3739363,Carolus,Paddeley,cpaddeleye@icio.us,Male,5/21/1962
78-9165050,Agatha,Buxcy,abuxcyf@rakuten.co.jp,Female,4/26/1991
05-2882595,Jerrylee,Georgi,jgeorgig@reddit.com,Female,3/3/1972
46-6783909,Somerset,Cordova,scordovah@pinterest.com,Male,5/29/1962
05-8671578,Tabina,Antognetti,tantognettii@scientificamerican.com,Female,8/18/1959
32-6459782,Cointon,Medlin,cmedlinj@shutterfly.com,Male,5/20/1994
88-7166003,Guinna,Frickey,gfrickeyk@opera.com,Female,11/11/1969
19-9010743,Ban,MacRedmond,bmacredmondl@washington.edu,Male,10/12/1999
95-0294581,Far,Klosges,fklosgesm@freewebs.com,Male,5/8/1975
19-7049484,Richart,Fareweather,rfareweathern@dmoz.org,Male,12/3/1987
81-1411626,Jaimie,Mersh,jmersho@cdbaby.com,Female,12/23/1983
58-4595092,Wakefield,Drescher,wdrescherp@mit.edu,Male,2/6/2005
92-4233962,Corena,Peschmann,cpeschmannq@google.co.jp,Female,6/8/1977
58-9207381,Elmo,Ankrett,eankrettr@vistaprint.com,Male,5/29/2001
65-2110980,Kingsley,Pagden,kpagdens@nyu.edu,Male,10/24/1997
62-7062810,Jordon,Champkin,jchampkint@squarespace.com,Male,3/24/1958
57-0154035,Caleb,McDowall,cmcdowallu@mediafire.com,Male,1/31/1989
48-3754637,Pebrook,Spadeck,pspadeckv@amazon.co.jp,Male,1/14/1977
50-3503525,Martie,Chaloner,mchalonerw@stumbleupon.com,Male,9/30/1999
67-8784672,Damaris,Ivanyukov,divanyukovx@qq.com,Female,1/30/1983
50-7443716,Elvin,Sadlier,esadliery@imdb.com,Male,1/11/1959
34-5789576,Andras,McCloid,amccloidz@paypal.com,Male,2/11/1972
17-9746746,Felice,Sangar,fsangar10@i2i.jp,Female,3/8/1991
78-3247760,Marigold,Tiplady,mtiplady11@upenn.edu,Female,2/23/1994
71-8333724,Parnell,Gomersall,pgomersall12@china.com.cn,Male,12/12/1966
06-1498905,Janey,Fairlam,jfairlam13@businessweek.com,Female,2/5/1971
64-5747448,Barnaby,Courteney,bcourteney14@newsvine.com,Male,8/4/1958
06-8882223,Erin,Bolin,ebolin15@acquirethisname.com,Female,1/13/1962
13-7603602,Eolande,Feige,efeige16@techcrunch.com,Female,3/27/1972
82-1954848,Rosette,Naisbit,rnaisbit17@usda.gov,Female,10/6/1982
86-4478951,Madlen,Dietmar,mdietmar18@nhs.uk,Female,3/29/2002
72-9385124,Cecily,McCarney,cmccarney19@flavors.me,Female,5/30/1993
34-8896261,Glynda,Spurritt,gspurritt1a@addtoany.com,Female,8/1/1981
19-4710689,Franz,Bewlie,fbewlie1b@1und1.de,Male,9/25/1957
40-5249933,Justine,Shee,jshee1c@people.com.cn,Female,9/10/1969
94-8245814,Cody,Dunkerton,cdunkerton1d@cnet.com,Female,9/5/1975
42-9234833,Ronny,Cotgrove,rcotgrove1e@hibu.com,Male,4/14/1958
97-1993967,Dael,Belliard,dbelliard1f@addthis.com,Male,3/12/1975
46-1484477,Nixie,Tregunna,ntregunna1g@constantcontact.com,Female,8/3/1994
13-7936186,Fields,Tolefree,ftolefree1h@smugmug.com,Male,1/7/2008
53-5979274,Tova,Hallett,thallett1i@blogspot.com,Female,6/6/1999
83-4616807,Amil,Adamec,aadamec1j@nba.com,Female,1/18/1961
97-9789313,Spense,Milburne,smilburne1k@bloglovin.com,Male,12/31/1958
01-3736018,Cortie,McKomb,cmckomb1l@google.co.uk,Male,7/30/1972
75-2437611,Rasla,Rosenfeld,rrosenfeld1m@earthlink.net,Female,3/5/1957
76-1967288,Fernanda,McCamish,fmccamish1n@toplist.cz,Female,11/9/2005
10-1272955,Barry,Nossent,bnossent1o@is.gd,Female,6/6/1959
83-1399931,Krisha,Matthesius,kmatthesius1p@mayoclinic.com,Male,7/16/1976
75-3590799,Emory,Winspare,ewinspare1q@wikipedia.org,Male,8/28/1959
22-1786925,Leigh,Billin,lbillin1r@msn.com,Male,7/21/2007
85-8223323,Rourke,Beamand,rbeamand1s@blogspot.com,Male,7/2/1997
30-1516764,Rosamond,Crielly,rcrielly1t@youtube.com,Female,4/5/1989
91-0355924,Janey,Yielding,jyielding1u@sbwire.com,Female,3/16/1999
11-1480907,Nikola,Dodell,ndodell1v@sina.com.cn,Male,8/28/1966
76-4304374,Terrijo,Spires,tspires1w@ed.gov,Female,9/25/1991
36-2885468,Beryle,Binnall,bbinnall1x@cpanel.net,Female,7/6/1971
53-8449285,Dougy,Daviddi,ddaviddi1y@instagram.com,Male,12/18/2003
50-7226362,Jesus,Dooley,jdooley1z@google.ca,Male,1/29/1967
70-6148776,Courtney,Maher,cmaher20@oracle.com,Female,6/20/1979
31-5230107,Allister,Rosterne,arosterne21@dell.com,Male,3/10/1968
13-7148252,Caddric,Lieber,clieber22@dailymotion.com,Male,11/29/2000
24-4311927,Meyer,Wicken,mwicken23@nba.com,Male,6/18/1963
58-5606667,John,Raff,jraff24@usda.gov,Male,12/6/1981
03-5913428,Barbaraanne,Davoren,bdavoren25@ibm.com,Female,6/13/1962
03-7209513,Thea,Ondrus,tondrus26@twitter.com,Female,11/20/1996
09-1027437,Jase,Cantillion,jcantillion27@altervista.org,Male,7/4/1973
15-1534227,Brigitte,Geard,bgeard28@artisteer.com,Female,8/22/2008
56-4145454,Carine,Knapman,cknapman29@canalblog.com,Female,8/30/1968
61-6095856,Errick,Ivashechkin,eivashechkin2a@webnode.com,Male,1/12/1972
48-5780215,Dulcea,Cotmore,dcotmore2b@msu.edu,Female,3/11/1975
11-9108708,Libbi,Malmar,lmalmar2c@about.com,Female,2/21/2003
62-1858809,Haleigh,Rutt,hrutt2d@blogger.com,Male,11/15/1983
41-8142450,Dorise,Benitez,dbenitez2e@mashable.com,Female,12/18/2006
73-1146881,Manuel,Margett,mmargett2f@yandex.ru,Male,5/13/2004
21-0678658,Dennie,Le Grand,dlegrand2g@oaic.gov.au,Male,6/23/2006
69-1173434,Oralia,Hendrickx,ohendrickx2h@java.com,Female,7/29/1991
74-3931401,Fenelia,Palombi,fpalombi2i@imgur.com,Female,5/24/1961
36-7208705,Alvis,Collingridge,acollingridge2j@noaa.gov,Male,5/21/1999
89-1534296,Vale,Slott,vslott2k@hc360.com,Male,5/16/2008
64-3134549,Shelia,Parrish,sparrish2l@infoseek.co.jp,Female,3/27/1986
63-3644504,Biddie,Pulley,bpulley2m@trellian.com,Female,4/11/1998
30-3872092,Joly,Eisikovitsh,jeisikovitsh2n@paginegialle.it,Female,10/9/1961
26-8523916,Pietro,Baglan,pbaglan2o@ted.com,Male,9/15/1987
94-4570632,Filippo,Jerrold,fjerrold2p@wp.com,Male,7/8/1990
69-9987708,Stephi,Biggadike,sbiggadike2q@altervista.org,Female,3/14/1987
31-4498287,Noak,Colwell,ncolwell2r@mysql.com,Male,3/22/1975
70-4525383,Robinett,Cottier,rcottier2s@blinklist.com,Female,8/29/2007
82-3097417,Erv,Somerville,esomerville2t@google.ca,Male,4/11/1973
72-3847711,Janey,Nenci,jnenci2u@miitbeian.gov.cn,Female,7/2/1982
27-8540240,Anastasie,Atty,aatty2v@t.co,Female,1/14/1964
82-9516210,Nelie,Klaussen,nklaussen2w@diigo.com,Female,10/5/1971
40-5398748,Caroljean,Egdal,cegdal2x@wufoo.com,Female,11/17/2006
46-7501860,Lari,Pickle,lpickle2y@seattletimes.com,Female,2/24/1966
85-7954143,Hubie,Smedmoor,hsmedmoor2z@biglobe.ne.jp,Male,11/12/1964
30-3630841,Ty,Severy,tsevery30@wufoo.com,Male,4/19/1957
74-2745220,Abram,Fitchet,afitchet31@prlog.org,Male,1/21/2005
14-0961387,Daisy,Boobyer,dboobyer32@marketwatch.com,Female,9/18/2007
67-9062192,Colette,Craighall,ccraighall33@hexun.com,Female,1/12/1975
50-8179912,Brenna,Armin,barmin34@indiatimes.com,Female,11/11/2000
85-0888317,Svend,Jopke,sjopke35@gravatar.com,Male,1/21/1997
50-0533131,Robinetta,Lewin,rlewin36@apache.org,Female,9/29/1999
23-4902015,Meade,Pawden,mpawden37@yahoo.co.jp,Female,7/12/1965
67-8096530,Lindy,Porch,lporch38@msn.com,Male,3/26/2002
97-1294721,Eden,Iveagh,eiveagh39@about.me,Female,2/9/2000
91-6114867,Deloria,Dummett,ddummett3a@netscape.com,Female,10/4/1978
28-8777211,Nicoline,Checcucci,ncheccucci3b@marketwatch.com,Female,9/6/1981
25-5600319,Anthe,Fer,afer3c@barnesandnoble.com,Female,9/10/1990
39-1791900,Mickey,Vise,mvise3d@gizmodo.com,Male,5/13/1988
34-9949841,Katlin,Blumfield,kblumfield3e@instagram.com,Female,1/11/1983
78-3598650,Alvin,Crus,acrus3f@about.me,Male,7/23/1991
59-7205164,Marcelle,Notton,mnotton3g@a8.net,Female,4/17/1959
43-8061918,Dee,Dennidge,ddennidge3h@macromedia.com,Female,3/15/1971
33-9795582,Kahaleel,Lyddy,klyddy3i@webmd.com,Male,3/11/1961
87-1135591,Bendicty,Kears,bkears3j@miibeian.gov.cn,Male,6/3/1969
28-1834510,Magda,Prater,mprater3k@wired.com,Female,5/11/2001
61-2410858,Laura,Meric,lmeric3l@sbwire.com,Female,3/14/1979
02-3448301,Pansy,Craigmyle,pcraigmyle3m@myspace.com,Female,1/24/2004
57-4231709,Arabela,Dimeloe,adimeloe3n@symantec.com,Female,6/6/1959
27-0395035,Nate,Ingall,ningall3o@blog.com,Male,11/2/1994
70-6650466,Grange,Hebard,ghebard3p@wordpress.org,Male,12/31/1980
74-1233758,Sheila,Sheward,ssheward3q@mac.com,Female,11/19/1971
23-6400773,Sumner,Fawson,sfawson3r@csmonitor.com,Male,1/17/1991
50-6107224,Joyan,Leddie,jleddie3s@state.gov,Female,5/31/1965
42-6977639,Winifred,Gallant,wgallant3t@digg.com,Female,11/8/1995
17-8411498,Gallard,Dunbleton,gdunbleton3u@businesswire.com,Male,5/27/1983
19-6507620,Rutherford,Geydon,rgeydon3v@prnewswire.com,Male,4/10/1999
47-0424921,Ardelia,Sorby,asorby3w@furl.net,Female,4/3/1957
46-0713002,Lilyan,Udall,ludall3x@japanpost.jp,Female,6/5/2004
46-5416966,Cristiano,Schroder,cschroder3y@usnews.com,Male,4/17/1996
69-9824666,Madelena,Hurdwell,mhurdwell3z@facebook.com,Female,4/13/2002
42-5140038,Lynnelle,Potapczuk,lpotapczuk40@eepurl.com,Female,8/26/1965
63-5559455,Joshia,Yarnley,jyarnley41@delicious.com,Male,2/27/2006
88-6386498,Stanton,Ditts,sditts42@oaic.gov.au,Male,6/13/1975
84-9471658,Myrwyn,Feldmus,mfeldmus43@businessinsider.com,Male,7/5/1979
64-9079146,Demeter,Checketts,dchecketts44@blogger.com,Female,4/22/1978
61-8837429,Nerissa,Kent,nkent45@bbc.co.uk,Female,7/29/1994
78-5233207,Peggy,Torrejon,ptorrejon46@seattletimes.com,Female,12/30/1983
43-1932334,Fax,Goldberg,fgoldberg47@merriam-webster.com,Male,9/12/1998
85-7132188,Cchaddie,Bown,cbown48@phoca.cz,Male,8/26/1976
74-2640777,Erny,Slewcock,eslewcock49@va.gov,Male,3/18/2006
11-6537764,Anetta,Feighney,afeighney4a@timesonline.co.uk,Female,7/30/1958
60-8993120,Zaccaria,Lavall,zlavall4b@ning.com,Male,10/25/1983
32-2868224,Arlen,Vinden,avinden4c@berkeley.edu,Female,12/16/1960
23-6404658,Hoyt,McNaughton,hmcnaughton4d@a8.net,Male,7/22/1962
78-5632062,Ernie,Cato,ecato4e@people.com.cn,Male,7/17/1983
71-3566187,Berkeley,Edling,bedling4f@soup.io,Male,2/13/1958
40-7391265,Fabe,Olufsen,folufsen4g@example.com,Male,11/27/1989
56-4460057,Barnaby,Ockleshaw,bockleshaw4h@ftc.gov,Male,7/23/2002
38-4741524,Dinah,Splaven,dsplaven4i@businesswire.com,Female,1/7/1982
37-5860137,Shadow,Trahar,strahar4j@pagesperso-orange.fr,Male,9/11/1997
99-2303623,Del,Quantick,dquantick4k@google.cn,Male,7/28/1980
18-2976298,Sukey,Gemlett,sgemlett4l@51.la,Female,11/6/2004
97-2797204,Arlinda,Didsbury,adidsbury4m@dailymail.co.uk,Female,8/9/2005
48-6995905,Fredericka,Perott,fperott4n@netvibes.com,Female,5/13/1990
05-1232742,Rory,Thurgood,rthurgood4o@who.int,Female,8/15/1977
44-8761524,Stella,Sansome,ssansome4p@cyberchimps.com,Female,8/15/1970
57-5044582,Milicent,De Meis,mdemeis4q@engadget.com,Female,12/30/1961
39-2673371,Courtney,Leband,cleband4r@go.com,Female,3/31/1959
51-2082459,Hubert,Lebreton,hlebreton4s@berkeley.edu,Male,11/23/1992
57-5885676,Ivan,Zorzutti,izorzutti4t@ft.com,Male,10/11/2003
07-3303159,Agretha,Tewelson,atewelson4u@vistaprint.com,Female,8/10/1990
33-5422308,Bryna,Giacomi,bgiacomi4v@msu.edu,Female,7/7/1981
37-4223199,Towney,Keese,tkeese4w@icio.us,Male,10/23/1982
79-9074748,Raphael,Everley,reverley4x@abc.net.au,Male,12/11/1993
68-1407010,Vaclav,Dudbridge,vdudbridge4y@imageshack.us,Male,5/24/1972
80-7170540,Karen,Foulcher,kfoulcher4z@myspace.com,Female,3/8/1989
15-6100727,Robbert,Pascow,rpascow50@weebly.com,Male,4/26/1967
18-4803894,Derby,Marchington,dmarchington51@nps.gov,Male,3/27/1978
04-1101217,Gustave,Diggles,gdiggles52@dropbox.com,Male,1/9/2003
63-8598179,Carlin,Storie,cstorie53@usnews.com,Male,5/2/1973
65-8279639,Harley,Cammock,hcammock54@arizona.edu,Female,7/5/2005
59-8216938,Clarissa,Lafond,clafond55@baidu.com,Female,8/25/1984
22-7877965,Rosanna,Gannicleff,rgannicleff56@alibaba.com,Female,5/30/2002
05-6328623,Correna,Laville,claville57@merriam-webster.com,Female,3/16/1975
88-2174435,Willa,Beste,wbeste58@cloudflare.com,Female,3/30/2007
89-0802506,Had,Melato,hmelato59@ezinearticles.com,Male,9/12/1970
96-6791085,Carree,Dmytryk,cdmytryk5a@gizmodo.com,Female,1/30/1984
72-5915932,Johanna,Filochov,jfilochov5b@nhs.uk,Female,4/8/1983
69-1348720,Franky,Lease,flease5c@etsy.com,Male,1/17/1978
95-6711541,Farrel,Dunge,fdunge5d@abc.net.au,Male,5/2/2004
25-2972031,Alonso,Roscamp,aroscamp5e@fc2.com,Male,5/5/1978
73-9955496,Garrot,Pragnell,gpragnell5f@go.com,Male,5/25/1981
68-7595505,Doloritas,Daviddi,ddaviddi5g@meetup.com,Female,11/25/1969
91-0747944,Tiffy,Carradice,tcarradice5h@usa.gov,Female,6/19/1995
97-7663604,Ephrayim,Tissington,etissington5i@psu.edu,Male,10/23/1964
34-9093980,Darci,Splain,dsplain5j@gravatar.com,Female,6/7/1978
74-6482089,Sherrie,Craig,scraig5k@mozilla.com,Female,5/14/1960
35-6568602,Ervin,Bugg,ebugg5l@furl.net,Male,1/4/1974
92-0346854,Stanwood,Bruneau,sbruneau5m@guardian.co.uk,Male,3/23/2005
23-9125305,Dulcinea,Diemer,ddiemer5n@lulu.com,Female,7/6/2002
76-2509707,Pearce,Biaggioli,pbiaggioli5o@freewebs.com,Male,8/22/2000
76-5026571,Janeta,Blessed,jblessed5p@ameblo.jp,Female,6/5/2005
04-0379989,Leena,Murrie,lmurrie5q@comsenz.com,Female,9/2/1999
59-9826652,Mose,Brecknock,mbrecknock5r@ow.ly,Male,2/28/1981
00-4166246,Lucretia,Maben,lmaben5s@uiuc.edu,Female,9/10/2000
04-7892618,Zak,Crowcroft,zcrowcroft5t@netlog.com,Male,10/20/1981
98-6481460,Frayda,Clementet,fclementet5u@adobe.com,Female,10/14/1993
60-3170595,Deck,Boldison,dboldison5v@drupal.org,Male,9/26/1961
17-5632316,Alfy,Coverly,acoverly5w@ihg.com,Female,8/13/1997
95-2569016,Tony,Burr,tburr5x@newyorker.com,Female,1/7/1983
85-4864174,Lyda,Cargen,lcargen5y@ifeng.com,Female,8/28/1985
95-8952308,Brigg,Gosford,bgosford5z@ed.gov,Male,7/21/1961
63-0109772,Sylvester,Witchalls,switchalls60@deviantart.com,Male,3/15/2008
37-7525769,Lorilyn,Brisson,lbrisson61@goodreads.com,Female,7/20/1983
50-3788172,Elsworth,Davoren,edavoren62@w3.org,Male,12/28/1969
93-1874846,Hoebart,Fontenot,hfontenot63@wiley.com,Male,8/22/1966
01-7870715,Shell,Pantin,spantin64@flickr.com,Female,1/8/2003
24-6538559,Dalis,Deaves,ddeaves65@mac.com,Male,8/31/1985
39-4194059,Renato,Cleere,rcleere66@1und1.de,Male,9/14/1987
35-7780114,Una,Briscow,ubriscow67@ask.com,Female,7/5/1986
57-6282339,Shellysheldon,Helleckas,shelleckas68@posterous.com,Male,12/30/1989
48-6584515,Jedidiah,Alenshev,jalenshev69@unblog.fr,Male,11/8/1963
87-7431174,Wanda,Paulat,wpaulat6a@google.ru,Female,10/31/2005
00-8141857,Nap,Krug,nkrug6b@imdb.com,Male,4/21/1987
59-9882622,Fraser,Crickmer,fcrickmer6c@simplemachines.org,Male,11/10/1997
32-2760482,Madelyn,Dell Casa,mdellcasa6d@marketwatch.com,Female,1/7/1998
67-6854599,Devinne,Geindre,dgeindre6e@boston.com,Female,2/24/1988
76-7136520,Eveleen,Elgood,eelgood6f@typepad.com,Female,1/5/1986
89-2117729,Kiley,Rispine,krispine6g@myspace.com,Female,12/12/1978
88-1744799,Mylo,Gripton,mgripton6h@wired.com,Male,4/11/1986
28-7804576,Esmaria,Rudolph,erudolph6i@wired.com,Female,4/1/1991
90-8821572,Sisely,Gannaway,sgannaway6j@ted.com,Female,3/1/1999
37-9858513,Tami,Hebditch,thebditch6k@myspace.com,Female,1/8/2005
05-1730029,Yorgo,Baldetti,ybaldetti6l@xrea.com,Male,10/12/1959
18-4332044,Red,Orred,rorred6m@godaddy.com,Male,3/25/1975
61-7674511,Malachi,Ivankov,mivankov6n@cpanel.net,Male,8/19/1958
02-1435084,Sybil,Rupp,srupp6o@constantcontact.com,Female,8/15/1959
79-9904459,Pavlov,Collacombe,pcollacombe6p@vistaprint.com,Male,3/6/1969
08-1290719,Sibyl,Duckfield,sduckfield6q@cyberchimps.com,Male,5/31/2003
56-9053008,Murdock,Burnett,mburnett6r@google.pl,Male,11/14/1976
58-9317741,Felisha,Errington,ferrington6s@techcrunch.com,Female,2/19/1994
28-6581589,Ginger,Whitchurch,gwhitchurch6t@narod.ru,Female,5/17/2004
10-6044755,Talyah,Slisby,tslisby6u@wikimedia.org,Female,11/26/1992
48-8773252,Jobye,McQuie,jmcquie6v@usa.gov,Female,9/30/1961
24-0162718,Kirsten,Prayer,kprayer6w@microsoft.com,Female,11/11/1977
54-5422625,Garth,Leedes,gleedes6x@china.com.cn,Male,1/11/1981
26-9946221,Jere,Metham,jmetham6y@sbwire.com,Female,3/11/2005
49-1734709,Lilith,Shimman,lshimman6z@pagesperso-orange.fr,Female,6/22/1969
18-1799994,Gerry,Rehor,grehor70@seattletimes.com,Female,5/21/1989
26-9238814,Elora,Britten,ebritten71@baidu.com,Female,4/17/1990
26-5211115,Puff,Mayow,pmayow72@rakuten.co.jp,Male,7/27/1994
08-8381719,Sammy,Gratland,sgratland73@bloomberg.com,Female,9/19/1973
33-3284985,Remus,Peabody,rpeabody74@goo.ne.jp,Male,5/6/2003
99-2823393,Babbie,Mila,bmila75@boston.com,Female,4/30/1985
65-3940943,Ewart,Coryndon,ecoryndon76@behance.net,Male,6/14/1965
00-1010371,Dugald,Buxsey,dbuxsey77@comsenz.com,Male,10/12/1967
53-2213292,Sholom,Columbell,scolumbell78@blogspot.com,Male,5/4/1997
64-2596215,Jerrie,Samter,jsamter79@hao123.com,Female,10/10/1994
90-8521683,Pen,Toffoletto,ptoffoletto7a@dot.gov,Male,4/11/2003
49-8854103,Latia,Wymer,lwymer7b@trellian.com,Female,6/13/2006
25-2081857,Bayard,Baalham,bbaalham7c@globo.com,Male,9/30/2002
25-5843961,Madelina,Becraft,mbecraft7d@ustream.tv,Female,9/5/1972
23-8731292,Agnella,Kavanagh,akavanagh7e@nature.com,Female,12/11/1973
96-1646144,Larry,Somersett,lsomersett7f@i2i.jp,Male,5/6/2000
67-1868951,Damon,Duckerin,dduckerin7g@hugedomains.com,Male,9/3/1958
18-1166578,Kayle,Blazhevich,kblazhevich7h@hugedomains.com,Female,10/23/1981
06-4316664,Clarie,Leipelt,cleipelt7i@xinhuanet.com,Female,9/3/1968
51-2126959,Lilllie,Dowzell,ldowzell7j@fema.gov,Female,6/25/1959
38-5407277,Easter,Pietrzak,epietrzak7k@guardian.co.uk,Female,11/4/1961
92-3280718,Bond,Dreigher,bdreigher7l@mediafire.com,Male,3/9/2003
28-2548155,Alfons,MacDougal,amacdougal7m@yahoo.co.jp,Male,10/12/1995
62-3627667,Glenda,Aloshechkin,galoshechkin7n@goodreads.com,Female,5/30/1965
55-3334175,Alejandrina,Pennycook,apennycook7o@utexas.edu,Female,5/21/1957
96-9544393,Sean,Hatherill,shatherill7p@sbwire.com,Male,7/13/1960
61-1546713,Irita,Jancy,ijancy7q@tmall.com,Female,1/22/2003
79-7194228,Sam,Hawgood,shawgood7r@cdbaby.com,Female,7/26/1971
91-3338275,Lulu,Fraczkiewicz,lfraczkiewicz7s@ucla.edu,Female,7/21/1989
07-6462879,Hube,Boseley,hboseley7t@webs.com,Male,5/21/1997
66-6702148,Moyna,Sherbrooke,msherbrooke7u@bluehost.com,Female,10/6/1976
92-7900031,Marcos,Loins,mloins7v@usda.gov,Male,4/13/1968
66-1017786,Keen,Bobasch,kbobasch7w@deliciousdays.com,Male,12/4/1982
28-4352221,Bayard,Summerfield,bsummerfield7x@newyorker.com,Male,5/16/1968
42-8019427,Harald,Thickens,hthickens7y@qq.com,Male,2/4/1999
06-5315130,Goraud,Checci,gchecci7z@xing.com,Male,12/29/1958
38-4215721,Ezri,Trustram,etrustram80@harvard.edu,Male,5/10/1999
60-3706625,Sally,Trimme,strimme81@telegraph.co.uk,Female,6/21/1984
17-2563429,Henrik,Van Merwe,hvanmerwe82@time.com,Male,3/12/1963
18-9026775,Mycah,Blakebrough,mblakebrough83@wordpress.org,Male,3/3/1960
15-7190808,Alis,Tilston,atilston84@cnet.com,Female,6/27/1988
86-9494064,Garreth,Garwell,ggarwell85@ed.gov,Male,5/26/1973
92-9115371,Giovanni,Morforth,gmorforth86@desdev.cn,Male,3/12/2000
53-9390230,Ulises,Surguine,usurguine87@alexa.com,Male,7/26/1969
94-1060841,Moshe,Gregoretti,mgregoretti88@sbwire.com,Male,12/30/1976
07-5467313,Brody,Ruffell,bruffell89@about.com,Male,7/11/1968
10-7900588,Bryanty,Domonkos,bdomonkos8a@bizjournals.com,Male,2/20/2005
83-4109622,Denny,Rooson,drooson8b@fastcompany.com,Male,9/16/2004
01-1805334,Massimiliano,Huggon,mhuggon8c@amazonaws.com,Male,12/23/1982
73-3542054,Rachel,Elson,relson8d@behance.net,Female,7/17/1982
45-9442521,Frank,Ong,fong8e@foxnews.com,Female,12/17/2004
59-9422711,Andras,Fairchild,afairchild8f@microsoft.com,Male,4/6/1970
74-9794859,Emmerich,Euston,eeuston8g@theguardian.com,Male,1/24/1995
06-0845834,Neala,Roelofsen,nroelofsen8h@plala.or.jp,Female,3/19/1980
28-4587611,Kendricks,Mussen,kmussen8i@hhs.gov,Male,7/8/1983
24-6122196,Kathlin,Gillham,kgillham8j@pcworld.com,Female,12/16/1993
52-2055281,Noach,Mitchelhill,nmitchelhill8k@nsw.gov.au,Male,2/18/1987
44-7030378,Gaelan,Kid,gkid8l@kickstarter.com,Male,9/14/1958
34-2805234,Ariel,Pearde,apearde8m@surveymonkey.com,Female,8/10/1992
61-9636188,Dulcy,Farman,dfarman8n@dmoz.org,Female,11/21/1963
58-5192752,Brien,Keep,bkeep8o@infoseek.co.jp,Male,12/6/1974
78-3630378,Marshall,Porcas,mporcas8p@globo.com,Male,4/25/1966
05-6445667,Ricard,Pirrie,rpirrie8q@xinhuanet.com,Male,4/5/2007
33-7877336,Dot,Biskup,dbiskup8r@jimdo.com,Female,10/26/1988
88-0887629,Rustie,Perrie,rperrie8s@edublogs.org,Male,8/17/1999
67-2951801,Muire,Waszkiewicz,mwaszkiewicz8t@altervista.org,Female,12/7/1974
55-3083770,Maryellen,Howat,mhowat8u@taobao.com,Female,7/30/1963
86-0362191,Shermy,Fradson,sfradson8v@barnesandnoble.com,Male,7/6/1985
66-8311515,Gilda,Shakelade,gshakelade8w@domainmarket.com,Female,7/3/1996
46-3055541,Maryann,Deetch,mdeetch8x@mozilla.com,Female,7/31/1982
09-0354118,Deerdre,Sowerby,dsowerby8y@skyrock.com,Female,9/27/1988
44-2741612,Hewe,Laffling,hlaffling8z@unblog.fr,Male,4/7/1987
42-3245367,Alia,Waterfield,awaterfield90@prlog.org,Female,9/15/2008
86-6698111,Jourdan,Feacham,jfeacham91@deliciousdays.com,Female,2/9/1978
03-4781919,Chadwick,Ravilious,cravilious92@mac.com,Male,2/1/2007
14-7843293,Britney,Derham,bderham93@mlb.com,Female,10/21/1997
05-4911528,Benedetto,Bech,bbech94@sogou.com,Male,6/4/2004
41-9166329,Lila,Premble,lpremble95@xinhuanet.com,Female,3/13/1961
92-1656146,Cary,Kiely,ckiely96@exblog.jp,Female,6/12/1959
96-2121491,Lura,Jost,ljost97@nbcnews.com,Female,3/12/1991
13-4492779,Darelle,Yitzovicz,dyitzovicz98@yahoo.com,Female,3/4/2000
68-1758512,Elva,Demanche,edemanche99@meetup.com,Female,2/17/1994
81-7329509,Aleksandr,McCallion,amccallion9a@pcworld.com,Male,4/26/1988
17-7408329,Tammie,Leason,tleason9b@amazon.co.uk,Male,6/22/2008
46-3509194,Daron,Jarry,djarry9c@lulu.com,Male,11/12/2004
99-3724814,Laurette,Kenelin,lkenelin9d@irs.gov,Female,11/5/1969
09-0314273,Eleni,Stammers,estammers9e@discovery.com,Female,2/24/1998
23-9152185,Jilli,Coxhead,jcoxhead9f@stanford.edu,Female,6/23/1982
87-1496958,Amber,Seegar,aseegar9g@booking.com,Female,7/12/2004
41-1999282,Carla,Krysztowczyk,ckrysztowczyk9h@last.fm,Female,4/18/1987
90-5480991,Jemmie,Freschini,jfreschini9i@github.com,Female,3/7/1967
79-6684391,Alfie,Akehurst,aakehurst9j@mayoclinic.com,Male,6/4/1959
05-4881056,Cord,Posselt,cposselt9k@baidu.com,Male,3/25/2008
70-0260337,Addison,Dearnley,adearnley9l@chronoengine.com,Male,5/8/1973
73-8568460,Fidela,Jeffels,fjeffels9m@hibu.com,Female,3/21/1963
67-4829552,Gunar,Dymoke,gdymoke9n@newsvine.com,Male,4/21/1971
34-1910724,Nathanial,Baldacco,nbaldacco9o@utexas.edu,Male,3/26/2005
46-3417513,Vitia,Piggen,vpiggen9p@trellian.com,Female,10/20/2001
72-4257555,Rosaleen,Posen,rposen9q@w3.org,Female,11/19/1961
21-8534147,Zelma,Surtees,zsurtees9r@networksolutions.com,Female,10/23/1969
27-6559633,Cleavland,Wyleman,cwyleman9s@foxnews.com,Male,3/26/1996
82-6475737,Odelinda,Hutchcraft,ohutchcraft9t@so-net.ne.jp,Female,4/2/1960
56-3934988,Town,Blackway,tblackway9u@people.com.cn,Male,12/20/1963
26-1517638,Brigida,Ide,bide9v@nasa.gov,Female,9/27/1982
39-6944543,Tymon,Turbat,tturbat9w@salon.com,Male,3/10/1975
52-5982259,Marietta,Worsnip,mworsnip9x@nsw.gov.au,Male,9/27/1966
14-4326538,Ginelle,Heddy,gheddy9y@issuu.com,Female,7/5/1957
88-0943283,Mendel,Streather,mstreather9z@zdnet.com,Male,4/6/1968
23-1010698,Torrey,Duerdin,tduerdina0@mysql.com,Male,12/16/1962
36-0235372,Barclay,Mulberry,bmulberrya1@cdc.gov,Male,10/16/1997
05-4756042,Tatiana,Longmore,tlongmorea2@addthis.com,Female,12/14/1964
69-4364403,Lynsey,Wimmer,lwimmera3@tinyurl.com,Female,7/15/1997
64-3745842,Sigismond,Velasquez,svelasqueza4@networkadvertising.org,Male,4/23/1971
30-5216367,Denver,Kahler,dkahlera5@reverbnation.com,Male,5/12/1994
34-2163484,Giffard,Busfield,gbusfielda6@desdev.cn,Male,3/1/2000
28-2536902,Claretta,Filipyev,cfilipyeva7@tinyurl.com,Female,2/3/1966
18-2133395,Had,Preston,hprestona8@comcast.net,Male,5/2/1973
22-5830502,Zachery,Domel,zdomela9@dion.ne.jp,Male,5/24/1958
14-2790023,Wes,Eliasson,weliassonaa@utexas.edu,Male,7/24/1996
55-7313630,Nehemiah,Casiroli,ncasiroliab@ovh.net,Male,2/6/1969
69-7356998,Rudyard,Ratcliff,rratcliffac@geocities.jp,Male,1/21/2000
17-5725460,Corrinne,Callard,ccallardad@intel.com,Female,6/15/1973
27-6814511,Aube,Stobbs,astobbsae@google.cn,Male,1/8/1985
59-1956180,Micky,Cocke,mcockeaf@pagesperso-orange.fr,Female,1/30/1970
80-6850247,Marj,Behrens,mbehrensag@biglobe.ne.jp,Female,1/22/2008
54-7052430,Murray,Liddard,mliddardah@kickstarter.com,Male,7/15/1983
38-8717221,Marissa,Schankel,mschankelai@admin.ch,Female,7/28/1976
47-2325370,Davie,Laurenty,dlaurentyaj@ning.com,Male,3/12/1981
54-2262914,Stefano,Colebeck,scolebeckak@amazon.de,Male,1/10/1978
49-7276249,Lolly,Surphliss,lsurphlissal@chicagotribune.com,Female,3/31/1965
04-3293024,Emelita,Clamp,eclampam@bbc.co.uk,Female,12/15/1975
80-2240587,Codee,Sigge,csiggean@phoca.cz,Female,2/3/2007
92-4226219,Jake,Stair,jstairao@tiny.cc,Male,9/20/1968
14-3656305,Alick,Scurrell,ascurrellap@businesswire.com,Male,7/11/2002
14-0092454,Ingeberg,Seakin,iseakinaq@cnet.com,Female,6/14/1985
06-8586676,Jasmine,Brockley,jbrockleyar@techcrunch.com,Female,1/23/1964
63-7261259,Pincas,Larraway,plarrawayas@cpanel.net,Male,8/5/1997
67-9394828,Franciskus,Boick,fboickat@house.gov,Male,10/8/1982
36-8713027,Preston,Aspinal,paspinalau@icio.us,Male,3/25/1990
67-6495042,Thorny,Crutchfield,tcrutchfieldav@google.com.hk,Male,12/9/1974
54-8700808,Lance,MacAvddy,lmacavddyaw@nationalgeographic.com,Male,1/13/1965
62-7262271,Chevalier,Ellit,cellitax@google.co.jp,Male,3/2/1982
07-9228826,Fifine,Jehu,fjehuay@washingtonpost.com,Female,3/17/1963
65-2887949,Warner,Valentelli,wvalentelliaz@mysql.com,Male,4/10/1985
65-0685750,Monika,Propper,mpropperb0@cyberchimps.com,Female,10/3/1980
08-9979752,Wynnie,Tomkowicz,wtomkowiczb1@icio.us,Female,5/13/2002
93-8991132,Heath,Dollman,hdollmanb2@smh.com.au,Female,1/10/2003
17-1333096,Gabriella,Bedberry,gbedberryb3@histats.com,Female,5/18/1966
37-7283251,Blaire,Champain,bchampainb4@google.cn,Female,8/23/1967
87-1620854,Merle,Jirsa,mjirsab5@posterous.com,Male,7/25/1985
20-0219434,Arleen,Kurten,akurtenb6@soundcloud.com,Female,1/27/1971
37-1272296,Rosaline,Brind,rbrindb7@si.edu,Female,1/17/1958
09-7226481,Rocky,Florence,rflorenceb8@instagram.com,Male,11/14/1972
12-6027566,Gilli,Gull,ggullb9@samsung.com,Female,5/3/1996
56-9242468,Anissa,Mcmanaman,amcmanamanba@goodreads.com,Female,7/6/1957
84-7805906,Robinia,Frood,rfroodbb@va.gov,Female,10/30/1997
63-8324972,Ange,Hessentaler,ahessentalerbc@jimdo.com,Male,8/16/1963
36-1189230,Douglas,Blucher,dblucherbd@howstuffworks.com,Male,12/21/1992
25-1208504,Haley,MacMoyer,hmacmoyerbe@ucsd.edu,Male,10/12/1977
85-7066934,Torrence,Worrall,tworrallbf@bloomberg.com,Male,5/19/1960
15-7843563,Blisse,Rosenblatt,brosenblattbg@npr.org,Female,2/4/1979
10-7991976,Cos,Whiskerd,cwhiskerdbh@icio.us,Male,11/9/2003
19-4146070,Granny,Stickley,gstickleybi@opera.com,Male,8/29/1996
32-5275901,Marysa,Clement,mclementbj@usda.gov,Female,11/26/1968
60-2863033,Ariel,Hymus,ahymusbk@xinhuanet.com,Female,6/3/2007
21-4112215,Simonette,Castagnier,scastagnierbl@ox.ac.uk,Female,1/9/1973
50-9916017,Angelo,Rapier,arapierbm@youtu.be,Male,7/27/2007
62-4062186,Charissa,Guiet,cguietbn@live.com,Female,6/9/1961
10-6813495,Lucilia,Karolczyk,lkarolczykbo@acquirethisname.com,Female,1/22/1980
05-3110147,Mirella,Flower,mflowerbp@pcworld.com,Female,2/18/1959
27-4329050,Erl,Sara,esarabq@typepad.com,Male,7/8/1974
84-6285697,Glynnis,Van Der Straaten,gvanderstraatenbr@mail.ru,Female,7/16/1961
98-0013476,Berkley,Palombi,bpalombibs@clickbank.net,Male,8/14/1970
10-2484931,Emilee,Learmonth,elearmonthbt@oakley.com,Female,5/12/2004
27-9819373,Shay,Colnet,scolnetbu@loc.gov,Male,10/1/1968
95-6052094,Glenn,Cliss,gclissbv@scribd.com,Female,7/23/1959
30-1133074,Margaret,Skase,mskasebw@java.com,Female,6/21/1969
64-3812330,Michaela,Harlow,mharlowbx@instagram.com,Female,7/11/1986
82-3097562,Kellyann,Sinnatt,ksinnattby@psu.edu,Female,10/12/1965
70-8098272,Stevana,Challender,schallenderbz@t.co,Female,1/12/2004
83-7066438,Jackquelin,Caslane,jcaslanec0@census.gov,Female,10/21/1969
62-2514771,Effie,Braybrook,ebraybrookc1@facebook.com,Female,12/29/2007
29-0877049,Karly,Renahan,krenahanc2@ucla.edu,Female,12/16/1977
97-9566354,Casandra,Bartolomucci,cbartolomuccic3@ft.com,Female,8/28/1988
51-9690438,Vivie,Deeks,vdeeksc4@sciencedaily.com,Female,6/29/1986
69-9196562,Raffarty,Sebyer,rsebyerc5@aol.com,Male,6/10/1994
94-9271192,Amelina,Mallabone,amallabonec6@ucoz.com,Female,6/11/1984
50-9624483,Seymour,Minards,sminardsc7@sohu.com,Male,10/20/2008
44-3519225,Kermy,Bohler,kbohlerc8@un.org,Male,12/5/1987
33-4034442,Indira,Baldoni,ibaldonic9@people.com.cn,Female,4/25/1993
08-8393150,Bridgette,Moynham,bmoynhamca@ed.gov,Female,8/7/1987
69-6743852,Allx,Ferrieroi,aferrieroicb@chron.com,Female,7/29/1984
00-2668124,Ross,Tracey,rtraceycc@europa.eu,Male,7/3/1963
42-3178535,Angil,Killingback,akillingbackcd@slate.com,Female,6/15/1977
88-8146407,Dulcine,Dover,ddoverce@wikia.com,Female,7/18/1968
10-3609014,Janene,Oakenfall,joakenfallcf@discuz.net,Female,7/26/1972
45-1015013,Moe,Cleall,mcleallcg@dmoz.org,Male,9/25/1967
04-9894786,Oates,Ashe,oashech@google.co.jp,Male,7/16/1971
75-6143295,Udale,Rodda,uroddaci@bizjournals.com,Male,12/17/1982
03-3128805,Geno,Garrad,ggarradcj@marketwatch.com,Male,1/15/1969
45-4290903,Patrice,Poundesford,ppoundesfordck@state.tx.us,Female,1/4/1970
46-5170694,Alfie,Pretty,aprettycl@so-net.ne.jp,Female,5/22/2007
44-3062748,Esteban,Rubrow,erubrowcm@pen.io,Male,1/16/1967
72-6840843,Dixie,Abelson,dabelsoncn@washingtonpost.com,Female,2/26/2000
16-4340504,Mattias,Askew,maskewco@webeden.co.uk,Male,1/11/1966
46-9435116,Cole,Gorioli,cgoriolicp@nbcnews.com,Male,3/8/1997
59-1811530,Lorain,Brearty,lbreartycq@opensource.org,Female,11/1/1962
54-2114283,Renae,Frichley,rfrichleycr@businessinsider.com,Female,11/27/2004
59-8524343,Kalle,Richardson,krichardsoncs@hubpages.com,Male,12/25/1979
00-8027508,Rosalia,Sissel,rsisselct@shareasale.com,Female,10/29/2000
27-1597173,Caitlin,Byne,cbynecu@ebay.co.uk,Female,7/14/1990
82-8384217,Ber,Fears,bfearscv@blogtalkradio.com,Male,11/15/1966
82-7343521,Remington,Gottelier,rgotteliercw@yellowbook.com,Male,2/27/2004
77-0877915,Meredith,Beadon,mbeadoncx@qq.com,Female,11/7/2004
87-9751301,Marven,Paraman,mparamancy@telegraph.co.uk,Male,9/5/1961
93-8159991,Pauletta,Gummow,pgummowcz@bloglovin.com,Female,12/3/1969
23-4713824,Silvana,Finnick,sfinnickd0@redcross.org,Female,4/5/1980
23-6013257,Garold,Bartolomeazzi,gbartolomeazzid1@blogger.com,Male,1/31/1994
23-7960571,Sisile,Maryska,smaryskad2@wisc.edu,Female,3/4/1984
35-4154635,Brand,Shrigley,bshrigleyd3@bloglines.com,Male,2/8/1988
24-9603569,Mycah,Kobke,mkobked4@prlog.org,Male,10/17/1957
04-5001020,Akim,Cowie,acowied5@hostgator.com,Male,11/29/1985
11-2542267,Sherie,Slayny,sslaynyd6@shutterfly.com,Female,2/29/1984
11-8142479,Tedman,Peealess,tpeealessd7@who.int,Male,11/11/1993
82-8928198,Pooh,Edinborough,pedinboroughd8@discuz.net,Male,1/23/1979
29-9031397,Ulick,Pendrill,upendrilld9@archive.org,Male,6/14/1992
49-3711419,Aprilette,Provis,aprovisda@zdnet.com,Female,11/28/2003
47-8831755,Lana,Breakey,lbreakeydb@engadget.com,Female,6/27/2008
14-2262946,Geno,Tinkler,gtinklerdc@tuttocitta.it,Male,3/10/1965
92-8392527,Brandea,Candwell,bcandwelldd@xrea.com,Female,8/28/1965
02-5837979,Bancroft,Satterly,bsatterlyde@seattletimes.com,Male,3/7/1999
53-5959261,Kelvin,Govier,kgovierdf@usa.gov,Male,2/19/1989
03-6130733,Emmanuel,Southwood,esouthwooddg@forbes.com,Male,5/22/1964
38-7960333,Latia,Francey,lfranceydh@prweb.com,Female,12/28/1993
68-4719145,Pip,Marcoolyn,pmarcoolyndi@sbwire.com,Male,10/9/1989
00-2231624,Charles,Grewcock,cgrewcockdj@friendfeed.com,Male,9/13/1999
43-2884262,Aharon,Carlo,acarlodk@dedecms.com,Male,6/3/2005
34-7710280,Rozele,Schafer,rschaferdl@ebay.com,Female,11/7/1974
85-2360113,Grethel,Pape,gpapedm@artisteer.com,Female,12/24/1998
90-2233401,Catina,Bodocs,cbodocsdn@nature.com,Female,1/2/1973
29-1952715,Francisco,Lythgoe,flythgoedo@a8.net,Male,4/14/1957
77-9367537,Ennis,Warn,ewarndp@tmall.com,Male,1/29/1957
21-6352129,Fidole,Guion,fguiondq@fda.gov,Male,7/22/1980
44-3703477,Dasya,Wake,dwakedr@shinystat.com,Female,12/14/1998
81-6444557,Oby,Pessolt,opessoltds@bravesites.com,Male,11/10/1966
09-4842002,Graeme,Kasparski,gkasparskidt@reference.com,Male,12/21/2002
50-0657354,Lazaro,Ram,lramdu@state.tx.us,Male,6/7/1958
36-0976805,Monro,Tosdevin,mtosdevindv@wikimedia.org,Male,1/15/1958
46-9222766,Vin,Kynoch,vkynochdw@apple.com,Male,10/25/1961
42-3075799,Joachim,Schruurs,jschruursdx@mac.com,Male,4/29/1981
25-0425985,Brunhilda,Redington,bredingtondy@ehow.com,Female,12/12/2004
43-8284205,Ardene,Springthorpe,aspringthorpedz@un.org,Female,2/20/1958
13-6374918,Conrado,Braven,cbravene0@deviantart.com,Male,12/12/1984
91-0050541,Clevey,Allday,calldaye1@bizjournals.com,Male,3/10/1980
73-0990763,Orton,Barwell,obarwelle2@canalblog.com,Male,3/13/1988
68-5717815,Annnora,Bambury,abamburye3@walmart.com,Female,5/25/1982
52-2616746,Anthia,Migheli,amighelie4@ucsd.edu,Female,10/9/1972
55-2280841,Meredith,Neat,mneate5@google.com.au,Male,9/16/1984
59-1982142,Luther,O'Currigan,locurrigane6@twitter.com,Male,7/17/1973
35-7070476,Dode,Yeoland,dyeolande7@xinhuanet.com,Female,2/17/1957
83-4774889,Filmore,Belchamber,fbelchambere8@yolasite.com,Male,10/28/1961
40-9869367,Chandra,Purcer,cpurcere9@home.pl,Female,4/29/1993
09-8473222,Fancie,Peasegod,fpeasegodea@shinystat.com,Female,3/21/1975
22-8077245,Vern,Grzegorczyk,vgrzegorczykeb@berkeley.edu,Male,7/23/1991
69-3011766,Raven,McErlaine,rmcerlaineec@theatlantic.com,Female,10/29/1975
83-8806797,Guss,Loiterton,gloitertoned@over-blog.com,Male,11/19/1983
43-9815873,Maxy,Swire,mswireee@blogger.com,Female,6/1/1962
40-5252105,Meggie,Ruzicka,mruzickaef@google.it,Female,3/3/1963
20-4144237,Maxwell,Joannic,mjoanniceg@fda.gov,Male,12/11/1963
94-7375523,Calley,McDowell,cmcdowelleh@state.gov,Female,4/12/1972
25-2426211,Kania,Schwandner,kschwandnerei@icio.us,Female,6/17/2003
66-4844209,Graig,Mortell,gmortellej@cmu.edu,Male,3/20/1985
33-5517550,Sansone,Kitchenside,skitchensideek@nasa.gov,Male,3/14/1991
09-0486010,Florrie,Ruggiero,fruggieroel@ocn.ne.jp,Female,9/13/1999
04-0482331,Theodoric,Howlin,thowlinem@tripadvisor.com,Male,9/20/1992
29-8380255,Sylvester,Gudgeon,sgudgeonen@washington.edu,Male,2/10/1994
73-1165463,Tamarra,Sambedge,tsambedgeeo@webmd.com,Female,2/13/2007
37-5780632,Verna,Puckrin,vpuckrinep@ycombinator.com,Female,9/21/1965
99-3611917,Pepito,McKeevers,pmckeeverseq@alibaba.com,Male,6/20/1960
25-9683404,Sergei,Mettericke,smetterickeer@sitemeter.com,Male,5/9/1991
47-3955467,Reinhard,Labbe,rlabbees@cam.ac.uk,Male,6/16/1963
92-7675969,Lian,Blincko,lblinckoet@meetup.com,Female,4/29/1970
96-8276903,Drucy,Godthaab,dgodthaabeu@vinaora.com,Female,9/12/1967
22-8651906,Johannes,Legon,jlegonev@timesonline.co.uk,Male,12/14/1971
10-5080740,Gus,Reavell,greavellew@cloudflare.com,Female,9/3/1999
43-4535671,Ryley,Dirr,rdirrex@macromedia.com,Male,4/25/1989
36-8370169,Abra,Hatto,ahattoey@forbes.com,Female,1/25/1993
70-7140085,Paulette,Tuddenham,ptuddenhamez@newyorker.com,Female,2/6/1999
50-9625523,Virgie,Osgodby,vosgodbyf0@princeton.edu,Male,4/24/2006
59-6052974,Sutherland,McIlvoray,smcilvorayf1@cmu.edu,Male,12/29/2001
66-7730372,Humfrid,Egar,hegarf2@simplemachines.org,Male,5/18/1973
89-7524730,Jacky,Gounet,jgounetf3@nydailynews.com,Female,11/22/1969
15-1277664,Urbain,Eddow,ueddowf4@boston.com,Male,3/21/1969
96-5130877,Ara,Brian,abrianf5@bbc.co.uk,Female,1/16/1995
54-7820528,Lillis,Eccersley,leccersleyf6@webmd.com,Female,8/31/1958
36-4757684,Nilson,Walworth,nwalworthf7@liveinternet.ru,Male,7/2/1992
67-7853467,Gloriana,Redgrave,gredgravef8@theguardian.com,Female,6/11/1960
29-9125919,Elena,Mabbot,emabbotf9@patch.com,Female,2/15/1974
35-1759047,Ly,Narraway,lnarrawayfa@tmall.com,Male,8/17/1982
13-7326676,Gayelord,Odcroft,godcroftfb@msu.edu,Male,9/3/2006
82-5800563,Eliot,Wenban,ewenbanfc@free.fr,Male,10/28/1997
98-0652358,Dietrich,Syphas,dsyphasfd@cpanel.net,Male,1/29/1986
21-6450895,Concordia,Catherall,ccatherallfe@godaddy.com,Female,5/11/2001
93-3535071,Eugen,Wallworth,ewallworthff@wordpress.com,Male,8/12/1999
03-3667818,Portia,Collacombe,pcollacombefg@theglobeandmail.com,Female,4/23/1978
95-4589712,Corbin,Siebart,csiebartfh@indiegogo.com,Male,8/25/2007
37-8746259,Rosemarie,Crownshaw,rcrownshawfi@constantcontact.com,Female,9/19/1975
07-8492970,Den,Billingsly,dbillingslyfj@businessinsider.com,Male,7/3/1986
69-4968915,Rolland,Karleman,rkarlemanfk@1688.com,Male,11/6/1962
00-4506582,Richmond,Stockey,rstockeyfl@bluehost.com,Male,10/12/1965
60-4971099,Olga,Sivorn,osivornfm@slate.com,Female,12/8/1978
46-8005241,Eldon,Press,epressfn@toplist.cz,Male,10/7/1983
73-5052851,Deane,Fiorentino,dfiorentinofo@barnesandnoble.com,Female,6/13/1957
29-5398695,Eyde,Alexsandrovich,ealexsandrovichfp@i2i.jp,Female,6/22/1976
12-1823102,Michele,Graeber,mgraeberfq@google.com.br,Male,6/11/1980
70-3170693,Elsa,Gurry,egurryfr@phpbb.com,Female,3/28/1999
58-6874943,Evangelia,Errigo,eerrigofs@comcast.net,Female,12/8/1978
42-2972873,Shepard,Muggleston,smugglestonft@intel.com,Male,6/12/1989
27-9572218,Shaylah,von Grollmann,svongrollmannfu@sogou.com,Female,8/19/2007
57-9137768,Wilone,Mollin,wmollinfv@berkeley.edu,Female,3/12/1975
24-4897695,Myer,Seville,msevillefw@jimdo.com,Male,5/7/1972
36-7819822,Kristos,Marquess,kmarquessfx@marriott.com,Male,2/17/1979
72-6657362,Shelden,Ainsbury,sainsburyfy@foxnews.com,Male,4/16/1994
61-7444389,Roley,Kingsley,rkingsleyfz@vinaora.com,Male,7/14/1975
05-1169035,Daniela,Philpotts,dphilpottsg0@apache.org,Female,7/30/1993
41-8339927,Orelle,Wilbore,owilboreg1@census.gov,Female,7/11/1979
58-7140284,Malinde,Gallagher,mgallagherg2@cafepress.com,Female,4/26/1997
08-4029575,Nanni,Jeffreys,njeffreysg3@etsy.com,Female,1/27/1971
43-9731976,Hermie,Scurrell,hscurrellg4@jiathis.com,Male,10/26/1999
76-6845227,Gerhardt,Whichelow,gwhichelowg5@opera.com,Male,4/23/1992
06-9228061,Costanza,Dybald,cdybaldg6@dion.ne.jp,Female,5/12/1964
88-8880218,Rustin,Ferri,rferrig7@va.gov,Male,10/27/1962
89-5745590,Gaston,Halliburton,ghalliburtong8@google.it,Male,6/5/1996
51-8108325,Northrop,Luther,nlutherg9@usda.gov,Male,5/1/2008
33-4216186,Connie,Spry,cspryga@linkedin.com,Male,3/22/1999
04-6783928,Boot,Amiss,bamissgb@go.com,Male,4/15/2001
97-8448287,Winn,Drews,wdrewsgc@admin.ch,Male,2/29/1960
98-4033663,Berna,Leggat,bleggatgd@usgs.gov,Female,10/8/1960
54-6484708,Emilee,Sallarie,esallariege@wordpress.com,Female,1/24/1968
93-5928112,Isidora,Dickins,idickinsgf@illinois.edu,Female,7/5/1963
86-5641563,Yorgos,Blindmann,yblindmanngg@macromedia.com,Male,4/5/1971
97-5966953,Fallon,Carstairs,fcarstairsgh@ibm.com,Female,2/3/1993
95-2113246,Hyacinthie,Tranckle,htrancklegi@scribd.com,Female,7/14/1998
45-4303963,Giacinta,Karpov,gkarpovgj@cnet.com,Female,6/27/1977
99-7921949,Alwin,Midford,amidfordgk@printfriendly.com,Male,12/24/1972
52-8993492,Abby,Bakeup,abakeupgl@independent.co.uk,Female,12/22/1995
04-7737473,Gerry,Cavozzi,gcavozzigm@cbc.ca,Female,5/13/2008
74-6529958,Saree,Bluett,sbluettgn@goodreads.com,Female,5/6/1968
85-3000583,Killie,Branscomb,kbranscombgo@dedecms.com,Male,5/28/1996
38-7793645,Laverna,Scurlock,lscurlockgp@macromedia.com,Female,8/10/2004
07-8961714,Oliver,Mulkerrins,omulkerrinsgq@prweb.com,Male,8/10/1985
58-0414482,Tiffani,Stace,tstacegr@state.tx.us,Female,3/20/1977
26-8493733,Charity,Mougin,cmougings@altervista.org,Female,8/30/1986
01-7329296,Leonie,Emblem,lemblemgt@etsy.com,Female,9/9/1965
24-6646676,Belinda,Martinat,bmartinatgu@moonfruit.com,Female,3/16/2006
18-1590460,Patty,Chartman,pchartmangv@blogspot.com,Male,9/9/1971
69-8837829,Keslie,Tottman,ktottmangw@google.de,Female,6/4/1990
28-4738669,Robinia,Kramer,rkramergx@biblegateway.com,Female,11/18/2000
73-4113834,Raymund,Ashurst,rashurstgy@fotki.com,Male,10/14/1958
15-4064098,Lucho,Gimblett,lgimblettgz@hao123.com,Male,2/9/1974
28-2839486,Yorgos,Wilks,ywilksh0@tinypic.com,Male,10/1/1982
50-8792429,Sam,Gaythorpe,sgaythorpeh1@diigo.com,Female,2/3/1963
21-0562405,Fredi,Gooder,fgooderh2@stumbleupon.com,Female,12/21/1990
88-0481201,Fred,Vodden,fvoddenh3@thetimes.co.uk,Male,6/25/1971
07-9313595,Jabez,Benez,jbenezh4@wunderground.com,Male,7/4/1997
26-7933102,Morgan,Hyrons,mhyronsh5@china.com.cn,Male,5/13/1964
18-1231007,Myca,McLenaghan,mmclenaghanh6@google.com.br,Male,6/19/1971
92-0397544,Ezri,Bousler,ebouslerh7@gravatar.com,Male,3/22/1998
23-7231665,Egbert,Coldman,ecoldmanh8@paginegialle.it,Male,12/3/1976
49-3586356,Enoch,Worland,eworlandh9@lulu.com,Male,7/5/1960
24-0637676,Leesa,Delacote,ldelacoteha@rediff.com,Female,7/25/1961
81-1352887,Nicolas,Killiam,nkilliamhb@eventbrite.com,Male,10/28/1988
46-7268874,Melantha,Lettington,mlettingtonhc@virginia.edu,Female,6/26/1981
75-0078083,Anabella,Roser,aroserhd@ted.com,Female,3/31/2007
35-7431284,Andrew,Fernez,afernezhe@webs.com,Male,11/25/1993
69-1466590,Wilton,Cullrford,wcullrfordhf@mediafire.com,Male,7/24/1975
58-6118631,Judy,Beavon,jbeavonhg@wsj.com,Female,10/1/1977
99-9113775,Geoff,Phinnessy,gphinnessyhh@ucsd.edu,Male,5/6/1983
19-3791407,Lydia,D'Andrea,ldandreahi@yahoo.co.jp,Female,1/9/1977
07-5754258,Colet,Dunkerton,cdunkertonhj@ucla.edu,Male,11/24/2006
40-0921984,Vance,Danielkiewicz,vdanielkiewiczhk@apache.org,Male,4/10/1995
96-8704784,Wendi,Rentoul,wrentoulhl@blogtalkradio.com,Female,4/22/1995
74-6959057,Orlando,Grodden,ogroddenhm@squidoo.com,Male,5/29/1966
02-7353501,Scotti,Gibson,sgibsonhn@comsenz.com,Male,4/16/1977
01-6026263,Reiko,Papaminas,rpapaminasho@nba.com,Female,8/23/1988
34-5915172,Whitaker,Elam,welamhp@flickr.com,Male,1/27/1987
81-4340446,Susana,Lorroway,slorrowayhq@wordpress.org,Female,11/25/1971
94-6520598,Bobinette,Josling,bjoslinghr@ftc.gov,Female,1/26/2007
84-3315984,Burke,Pycock,bpycockhs@google.de,Male,10/4/1969
18-2050431,Pru,Trewinnard,ptrewinnardht@bluehost.com,Female,8/29/1961
42-1186005,Stavros,Ullock,sullockhu@people.com.cn,Male,4/1/1982
88-3406718,Legra,Pestricke,lpestrickehv@google.fr,Female,4/20/1976
34-6906559,Berthe,Littlekit,blittlekithw@cam.ac.uk,Female,12/10/1983
45-6828063,Frederik,Addy,faddyhx@ftc.gov,Male,2/4/2005
67-6769833,Neville,Alty,naltyhy@rambler.ru,Male,11/1/1988
26-0499651,Wallis,Lumby,wlumbyhz@earthlink.net,Male,2/24/1992
88-1485984,Thalia,Blannin,tblannini0@mail.ru,Female,11/7/1964
23-7760338,Eloise,Chelsom,echelsomi1@comcast.net,Female,3/10/1980
15-7641031,Ritchie,Whybrow,rwhybrowi2@addthis.com,Male,4/7/1969
83-1692561,Sigvard,Henkens,shenkensi3@mapy.cz,Male,11/17/1982
86-7080165,Kaylee,Brimicombe,kbrimicombei4@washingtonpost.com,Female,1/27/1964
30-4773617,Obediah,Ironmonger,oironmongeri5@npr.org,Male,9/20/1997
54-0059963,Micky,Lacasa,mlacasai6@bluehost.com,Male,10/2/1962
44-0520868,Pedro,Ronchi,pronchii7@tumblr.com,Male,2/15/2006
05-1620612,Gifford,Duffyn,gduffyni8@webeden.co.uk,Male,9/18/1999
65-7063227,Gasparo,Aspling,gasplingi9@nifty.com,Male,10/20/1969
25-4737366,Anton,Iwanczyk,aiwanczykia@joomla.org,Male,9/2/1984
42-1401703,Anjanette,Broome,abroomeib@indiatimes.com,Female,7/10/1996
50-2265035,Urbanus,Pooke,upookeic@mtv.com,Male,9/11/1989
62-5176006,Tina,Sooper,tsooperid@dmoz.org,Female,2/16/1976
85-2047649,Fabiano,Coxwell,fcoxwellie@chronoengine.com,Male,12/24/2006
82-7190541,Frazier,Gethouse,fgethouseif@imgur.com,Male,4/9/1995
40-5266371,Sallee,Husset,shussetig@imageshack.us,Female,7/13/1980
98-4713841,Farrah,Vicker,fvickerih@upenn.edu,Female,5/28/2005
21-2671676,Annadiana,Kleis,akleisii@cbsnews.com,Female,1/19/2003
08-9026722,Dev,Abarough,dabaroughij@spiegel.de,Male,10/1/1970
74-3932345,Stacy,Faill,sfaillik@paypal.com,Male,9/16/1980
23-0870651,Regina,Marley,rmarleyil@gnu.org,Female,8/10/1965
00-4459621,Gardiner,Bolwell,gbolwellim@google.com.au,Male,7/28/1957
35-7613685,Franciska,Symmers,fsymmersin@xinhuanet.com,Female,5/14/1997
84-6136436,Arch,Malcolmson,amalcolmsonio@studiopress.com,Male,6/21/1962
93-5320242,Hillary,Crooks,hcrooksip@1und1.de,Female,11/20/1959
01-6075204,Rene,Bottrell,rbottrelliq@gravatar.com,Male,8/10/2003
41-7250093,Chantalle,Northrop,cnorthropir@timesonline.co.uk,Female,2/7/1958
92-6191562,Isidoro,Hacquel,ihacquelis@deviantart.com,Male,1/22/1983
72-2186819,Skell,Kiffe,skiffeit@istockphoto.com,Male,9/9/1963
81-9696999,Samantha,Lindegard,slindegardiu@senate.gov,Female,5/1/1982
95-0598320,Adella,Ianne,aianneiv@msu.edu,Female,3/19/1982
98-9014191,Carita,McInulty,cmcinultyiw@psu.edu,Female,11/1/1971
10-6651396,Izak,Skillicorn,iskillicornix@theatlantic.com,Male,12/14/1957
52-3040773,Corrie,Hassett,chassettiy@guardian.co.uk,Male,2/13/1970
58-2475795,Farlie,Alchin,falchiniz@epa.gov,Male,7/9/1983
21-2085523,Carole,Caldera,ccalderaj0@prweb.com,Female,12/30/1995
51-1202134,Sosanna,Marcu,smarcuj1@fema.gov,Female,9/10/1991
42-0303961,Shirline,Arnopp,sarnoppj2@tripadvisor.com,Female,10/18/1981
87-9475623,Jimmie,Hawse,jhawsej3@telegraph.co.uk,Male,6/4/1964
33-4708663,Nonna,Beamand,nbeamandj4@privacy.gov.au,Female,6/10/1996
80-5257210,Trefor,Shortt,tshorttj5@issuu.com,Male,8/27/1982
89-7907743,Mindy,Rosell,mrosellj6@mtv.com,Female,9/30/1959
44-0028192,Harlan,Waltho,hwalthoj7@cbslocal.com,Male,3/3/1992
24-7405053,Joli,Scholer,jscholerj8@marriott.com,Female,11/21/1958
53-5163242,Karleen,Bonifazio,kbonifazioj9@engadget.com,Female,11/9/1995
41-4565691,Orel,Lowdyane,olowdyaneja@joomla.org,Female,8/18/1966
40-9465879,Blake,Hendriksen,bhendriksenjb@free.fr,Male,10/18/1967
93-1092984,Ricardo,Ducker,rduckerjc@imdb.com,Male,9/17/1961
73-7867950,Darsey,Molineaux,dmolineauxjd@prlog.org,Female,12/31/1959
67-3243991,Nana,Havard,nhavardje@disqus.com,Female,10/17/1989
62-0481226,Sanford,Labroue,slabrouejf@godaddy.com,Male,7/15/1972
48-6353884,Erhard,Bennit,ebennitjg@zdnet.com,Male,12/17/1980
11-1027621,Othello,Drake,odrakejh@jigsy.com,Male,8/26/1958
65-1931728,Trenton,Mowles,tmowlesji@alibaba.com,Male,8/9/1963
77-6137675,Guglielmo,Nanetti,gnanettijj@cbsnews.com,Male,1/3/2008
64-1237399,Padgett,Birchall,pbirchalljk@harvard.edu,Male,2/5/1963
62-5544773,Georgie,Mannin,gmanninjl@economist.com,Male,12/27/1964
30-4307678,Abran,Lomasna,alomasnajm@webs.com,Male,10/4/2008
83-4436710,Cortie,Varrow,cvarrowjn@usgs.gov,Male,9/22/1958
27-6607322,Ardith,Arnolds,aarnoldsjo@privacy.gov.au,Female,6/19/1986
84-6456671,Dinny,Luckcuck,dluckcuckjp@drupal.org,Female,8/20/1971
85-5844502,Justino,Gatty,jgattyjq@mtv.com,Male,10/30/2006
58-1561108,Onfre,Matyatin,omatyatinjr@npr.org,Male,12/20/1988
73-7314152,Pepe,Bloan,pbloanjs@bbc.co.uk,Male,1/27/1976
45-4135116,Florance,Camous,fcamousjt@123-reg.co.uk,Female,7/14/1981
64-1345028,Lauree,Colbertson,lcolbertsonju@craigslist.org,Female,2/19/1976
17-4256671,Yolanthe,Porritt,yporrittjv@cargocollective.com,Female,2/2/1964
18-7149936,Nettle,Jacobsohn,njacobsohnjw@accuweather.com,Female,12/6/1967
73-0293422,Hayyim,Houliston,hhoulistonjx@facebook.com,Male,5/20/2000
34-5692020,Thaddus,Chesters,tchestersjy@nasa.gov,Male,6/4/1986
96-7363822,Joanna,Doul,jdouljz@irs.gov,Female,7/20/1968
18-1289705,Stephi,Gitsham,sgitshamk0@so-net.ne.jp,Female,6/6/1962
09-5495814,Dedie,Drezzer,ddrezzerk1@google.es,Female,2/6/1963
49-2561631,Elly,Lamshead,elamsheadk2@g.co,Female,5/5/1989
72-6661823,Benjy,Piscopo,bpiscopok3@telegraph.co.uk,Male,5/13/1962
07-8747555,Zarah,Wealthall,zwealthallk4@prnewswire.com,Female,8/16/1989
57-5829659,Kitty,Stitson,kstitsonk5@about.me,Female,3/27/1997
95-1578648,Allayne,Dun,adunk6@discuz.net,Male,12/1/1990
14-5445248,Pia,Durtnel,pdurtnelk7@tuttocitta.it,Female,1/15/1982
65-4653725,Dominic,Feldfisher,dfeldfisherk8@etsy.com,Male,1/3/2003
48-3145735,Aguie,Menis,amenisk9@yolasite.com,Male,10/13/1973
24-9481856,Vernice,Oleszcuk,voleszcukka@icq.com,Female,5/10/1996
18-5999359,Kanya,Martonfi,kmartonfikb@webs.com,Female,12/19/2006
45-3817494,Fraser,Pomery,fpomerykc@umn.edu,Male,3/2/2003
61-8621156,Dunc,Hancock,dhancockkd@symantec.com,Male,5/23/1957
32-8031111,Rhodie,Begwell,rbegwellke@pbs.org,Female,12/27/2002
58-9102742,Maynard,Stallibrass,mstallibrasskf@ox.ac.uk,Male,11/6/1977
95-0115414,Jecho,Horsfield,jhorsfieldkg@ox.ac.uk,Male,6/30/1980
94-4551033,Jamima,Haydock,jhaydockkh@naver.com,Female,7/2/1974
78-7982153,Janela,Digges,jdiggeski@google.com.br,Female,6/1/1963
68-5440153,Hal,Trayes,htrayeskj@umich.edu,Male,12/11/1968
54-5451819,Brnaby,Quaif,bquaifkk@fema.gov,Male,10/29/1973
41-2347460,Sterne,Tullis,stulliskl@mozilla.org,Male,6/4/1991
92-6279794,Torry,Halfhyde,thalfhydekm@quantcast.com,Male,4/11/1958
44-0151164,Borden,Novill,bnovillkn@mail.ru,Male,2/8/1984
47-5748398,Whit,Augur,waugurko@mtv.com,Male,9/3/1961
95-6337970,Abelard,Gilchrist,agilchristkp@nasa.gov,Male,2/26/2004
46-5256187,Smith,Bullene,sbullenekq@timesonline.co.uk,Male,9/19/1982
83-9535174,Tadeo,Gerish,tgerishkr@mediafire.com,Male,3/1/1996
46-9801664,Jeremy,Boltwood,jboltwoodks@meetup.com,Male,9/11/1990
55-1429868,Prent,Boreham,pborehamkt@youtube.com,Male,5/22/1983
87-6166905,Shelley,Ansley,sansleyku@t-online.de,Male,4/12/1963
48-0914325,Rosanne,Dominique,rdominiquekv@bravesites.com,Female,6/14/1981
97-9923617,Hyatt,Footer,hfooterkw@walmart.com,Male,1/17/1976
87-1670496,Kendall,Getch,kgetchkx@trellian.com,Male,7/3/1996
66-5271517,Tawsha,Sandes,tsandesky@webnode.com,Female,11/30/1969
18-4954247,Rosene,Isenor,risenorkz@gov.uk,Female,8/22/1974
50-3492647,Joella,Dahill,jdahilll0@washingtonpost.com,Female,8/10/1973
92-9398179,Ambrosius,Derl,aderll1@cbsnews.com,Male,3/7/1985
97-2870111,Douglass,Arrigucci,darriguccil2@multiply.com,Male,7/17/1991
57-0501329,Cyndy,Timothy,ctimothyl3@twitter.com,Female,12/16/1967
93-1794709,Fredrika,Boast,fboastl4@biblegateway.com,Female,8/23/1965
87-0120755,Electra,Doale,edoalel5@is.gd,Female,1/31/2004
54-7406915,Sosanna,Labbett,slabbettl6@gravatar.com,Female,9/29/1999
58-8363516,Lainey,Callway,lcallwayl7@bravesites.com,Female,9/5/1980
64-2234167,Irena,Hagston,ihagstonl8@people.com.cn,Female,12/27/1989
67-1862960,Ragnar,Studart,rstudartl9@usda.gov,Male,1/27/1995
16-9825411,Tonnie,Sheals,tshealsla@cornell.edu,Male,12/14/1965
17-5323338,Bernard,Haet,bhaetlb@instagram.com,Male,11/25/1965
60-8027397,Jarrod,Tax,jtaxlc@cnbc.com,Male,4/7/2007
89-0888159,Jedidiah,Dorn,jdornld@telegraph.co.uk,Male,11/23/1999
12-3455923,Corissa,Clampe,cclampele@pbs.org,Female,4/22/2002
24-2849558,Merell,Hardway,mhardwaylf@foxnews.com,Male,5/31/1972
03-2689952,Brig,Kingswoode,bkingswoodelg@wordpress.org,Male,3/13/1964
14-7635576,Hagen,Marians,hmarianslh@java.com,Male,4/3/1986
64-3775381,Tymon,Letertre,tletertreli@ftc.gov,Male,8/13/1983
47-2739444,Barnabas,Gimbrett,bgimbrettlj@nature.com,Male,11/23/1975
48-0587446,Holli,Biddlecombe,hbiddlecombelk@woothemes.com,Female,12/14/1969
72-5500568,Esmaria,Gruby,egrubyll@chron.com,Female,5/8/1999
87-5520683,Cleon,Noble,cnoblelm@nature.com,Male,9/15/2005
12-6632350,Sheila,Curnokk,scurnokkln@rakuten.co.jp,Female,12/26/1980
23-3440177,Edee,Sargerson,esargersonlo@lulu.com,Female,8/16/2004
87-8903877,Bernice,Shwalbe,bshwalbelp@mail.ru,Female,3/30/1995
04-0461875,Hirsch,Ysson,hyssonlq@mtv.com,Male,8/24/1981
88-7183612,Sherline,Henken,shenkenlr@usnews.com,Female,2/15/1991
88-1762105,Linette,Hillin,lhillinls@de.vu,Female,9/12/1966
04-8678934,Patten,Sizey,psizeylt@nyu.edu,Male,7/18/1967
78-5203849,Davis,Palfreyman,dpalfreymanlu@google.fr,Male,10/26/2004
68-4583804,Roman,Agastina,ragastinalv@theatlantic.com,Male,8/28/1998
16-9032142,Sofie,Carlens,scarlenslw@apple.com,Female,11/7/1994
14-2898866,Miran,Aiskovitch,maiskovitchlx@google.fr,Female,8/18/1960
24-0403353,Yard,Marchington,ymarchingtonly@nih.gov,Male,6/24/1996
05-7120641,Bria,Slaney,bslaneylz@unc.edu,Female,11/13/1976
65-3724327,Vivienne,Jeffry,vjeffrym0@miibeian.gov.cn,Female,6/4/1972
21-6384553,Vannie,Crutchley,vcrutchleym1@1und1.de,Female,6/4/1981
78-3868223,Marnia,Patridge,mpatridgem2@berkeley.edu,Female,7/13/1985
70-4010642,Dallis,Eim,deimm3@bravesites.com,Male,2/20/1976
85-8847481,Millicent,Cearley,mcearleym4@dot.gov,Female,7/1/1978
26-2880967,Rafferty,Scothorne,rscothornem5@oracle.com,Male,5/10/1983
04-3224800,Paola,Robjant,probjantm6@epa.gov,Female,4/11/1960
24-8752919,Jakie,Spiers,jspiersm7@chronoengine.com,Male,8/14/1973
53-1118561,Sibbie,Chalmers,schalmersm8@stanford.edu,Female,2/6/2000
08-8006784,Roley,Ryrie,rryriem9@ask.com,Male,8/6/1966
40-9445712,Cordie,Mant,cmantma@cloudflare.com,Male,6/14/1975
45-4979497,Ludovico,Doale,ldoalemb@drupal.org,Male,9/21/1978
82-4658057,Jo-anne,Byrom,jbyrommc@imgur.com,Female,11/5/1966
13-6182685,Agna,Flescher,afleschermd@histats.com,Female,9/14/1967
43-5962322,Cobbie,Bahike,cbahikeme@java.com,Male,3/7/1957
44-3015917,Abdel,Barg,abargmf@twitpic.com,Male,9/17/1959
41-8121981,Bancroft,Frohock,bfrohockmg@un.org,Male,8/13/1974
27-9264120,Brewster,Boulter,bboultermh@techcrunch.com,Male,6/23/1999
01-2757682,Ingemar,Bruhnicke,ibruhnickemi@cocolog-nifty.com,Male,5/14/1988
07-0546229,James,Lubomirski,jlubomirskimj@devhub.com,Male,8/4/2005
72-2785236,Jeremy,Reid,jreidmk@china.com.cn,Male,7/13/1981
72-6206091,Maisie,Rattenberie,mrattenberieml@blogtalkradio.com,Female,6/22/1998
57-2874792,Laverna,Luciano,llucianomm@admin.ch,Female,4/26/1984
32-3712615,Eugenie,Ashburne,eashburnemn@dropbox.com,Female,7/3/2005
34-0844719,Freddie,Eggins,fegginsmo@hexun.com,Male,10/24/1979
18-5374151,Antoine,Turford,aturfordmp@java.com,Male,7/30/1986
21-5975375,Dehlia,Boerderman,dboerdermanmq@wired.com,Female,8/29/1960
43-9864805,Arlinda,Cansdale,acansdalemr@discovery.com,Female,4/5/1981
74-9293891,Deck,Lacheze,dlachezems@sakura.ne.jp,Male,1/29/1994
62-2738797,Afton,Swatradge,aswatradgemt@cnbc.com,Female,1/21/1957
14-1908093,Mitchell,O'Glassane,moglassanemu@github.com,Male,10/30/1976
71-5919341,Gerty,Entres,gentresmv@cloudflare.com,Female,9/24/1988
34-7991192,Roldan,Adrain,radrainmw@theatlantic.com,Male,10/11/1983
74-6527299,Bar,Fishpoole,bfishpoolemx@cnbc.com,Male,7/28/1975
76-5721115,Andriette,Amies,aamiesmy@smugmug.com,Female,2/27/2006
21-3346049,Kassie,Van't Hoff,kvanthoffmz@tinyurl.com,Female,10/10/1980
58-3651374,Barnett,Belchambers,bbelchambersn0@live.com,Male,1/27/1987
74-2924577,Moishe,Hannan,mhannann1@wp.com,Male,3/20/1986
80-1429463,Domini,Itzhayek,ditzhayekn2@cbsnews.com,Female,9/3/1997
53-5068795,Rorie,Spurway,rspurwayn3@skyrock.com,Female,6/11/1996
60-5110103,Avigdor,Hewes,ahewesn4@lycos.com,Male,10/15/1997
88-4512900,Yankee,Connaughton,yconnaughtonn5@hp.com,Male,11/5/1965
84-9098989,Jeremiah,Kapelhof,jkapelhofn6@slideshare.net,Male,8/16/1998
74-9995733,Prissie,Cardinale,pcardinalen7@kickstarter.com,Female,1/10/1985
09-6470664,Huntley,Rossey,hrosseyn8@flickr.com,Male,3/22/1994
65-6294902,Lemar,Brands,lbrandsn9@bbb.org,Male,5/20/1980
48-5983596,Dalenna,Merrien,dmerrienna@latimes.com,Female,9/24/1962
57-4105932,Obed,Harrald,oharraldnb@businessweek.com,Male,8/29/1960
53-5079507,Marshal,Yerrington,myerringtonnc@ted.com,Male,3/26/1970
13-3984705,Godard,Fagg,gfaggnd@blogspot.com,Male,12/21/1972
94-1378131,Alyda,Epton,aeptonne@huffingtonpost.com,Female,8/13/1966
12-1435066,Gradey,Tootal,gtootalnf@flickr.com,Male,7/14/1964
98-8494145,Davin,Gabitis,dgabitisng@zimbio.com,Male,3/24/1970
19-4284703,Joseito,Meffin,jmeffinnh@behance.net,Male,8/2/1965
42-8112829,Ransom,Bisson,rbissonni@surveymonkey.com,Male,3/11/2001
08-4847146,Arlyn,Pulford,apulfordnj@dion.ne.jp,Female,3/16/1986
02-5096346,Nannie,Huitson,nhuitsonnk@blogger.com,Female,7/22/2001
28-2951930,Nolly,Sousa,nsousanl@creativecommons.org,Male,3/31/1991
27-8063156,Mirabelle,Dunstan,mdunstannm@loc.gov,Female,2/4/1987
18-2844084,Craggie,McClarence,cmcclarencenn@1688.com,Male,8/15/1984
93-9031733,Ethan,Shales,eshalesno@forbes.com,Male,1/14/1966
62-0374370,Redd,Davidovici,rdavidovicinp@sogou.com,Male,11/2/1977
07-9680731,Wake,Roydon,wroydonnq@elegantthemes.com,Male,3/11/1958
65-2104743,Dodie,Pearcehouse,dpearcehousenr@howstuffworks.com,Female,2/21/1978
14-9272193,Artemas,Burtonwood,aburtonwoodns@histats.com,Male,4/2/1995
51-6628212,Ebenezer,Bates,ebatesnt@jiathis.com,Male,1/21/1960
23-4891939,Roscoe,Barras,rbarrasnu@livejournal.com,Male,5/18/1993
82-2166770,Alysa,Dehmel,adehmelnv@prweb.com,Female,3/29/1957
99-8192548,Jonathan,Dutt,jduttnw@loc.gov,Male,6/7/1988
63-1587375,Bertha,Arthars,bartharsnx@php.net,Female,6/13/1981
11-1498095,Beatriz,Doll,bdollny@msu.edu,Female,4/1/1979
78-9897749,Tess,Leuty,tleutynz@intel.com,Female,6/25/1979
00-8522810,Amargo,Boast,aboasto0@go.com,Female,9/5/1972
61-8615195,Daniele,Bernardez,dbernardezo1@sciencedirect.com,Female,6/22/1975
54-6156863,Dame,Brakespear,dbrakespearo2@ovh.net,Male,8/11/1961
63-1905182,Ronny,Thomkins,rthomkinso3@pcworld.com,Female,12/8/1959
75-5524460,Lyn,Bendik,lbendiko4@nba.com,Male,1/17/1982
22-4970709,Amargo,Fiddymont,afiddymonto5@skyrock.com,Female,10/29/1993
38-3954942,Yorke,Boissier,yboissiero6@hud.gov,Male,11/7/1961
97-1724948,Bernardo,Nares,bnareso7@who.int,Male,6/15/1994
18-0343810,Lebbie,Merrington,lmerringtono8@hud.gov,Female,6/5/1965
61-7385321,Ardine,Buddle,abuddleo9@desdev.cn,Female,7/14/1983
49-9170186,Marti,McEwan,mmcewanoa@wiley.com,Female,2/13/1982
08-8181832,Hadrian,Fomichkin,hfomichkinob@drupal.org,Male,8/6/1966
20-6092964,Louie,Schiell,lschielloc@usnews.com,Male,1/23/1999
12-7593076,Carie,Frissell,cfrissellod@squidoo.com,Female,7/28/2000
76-7083441,Reilly,Heikkinen,rheikkinenoe@mapquest.com,Male,7/9/1971
23-6177720,Stormie,Joscelyne,sjoscelyneof@networkadvertising.org,Female,12/9/1990
84-0552417,Gage,McIlory,gmciloryog@cnbc.com,Male,6/4/1977
32-7483468,Nicola,Luckes,nluckesoh@theatlantic.com,Female,1/11/1993
70-5926339,Fred,Hedman,fhedmanoi@g.co,Male,10/23/2004
06-2655685,Perrine,Hustler,phustleroj@microsoft.com,Female,11/12/2004
09-8940120,Lorens,Clift,lcliftok@pcworld.com,Male,9/23/2008
40-1231428,Nancey,Smithyman,nsmithymanol@creativecommons.org,Female,1/17/1963
09-7432773,Bab,Williamson,bwilliamsonom@ameblo.jp,Female,12/30/1974
59-7220678,Florry,Durkin,fdurkinon@columbia.edu,Female,9/8/1968
50-4382731,Ellene,Tremblet,etrembletoo@diigo.com,Female,4/12/1983
37-6274595,Alister,Templman,atemplmanop@walmart.com,Male,2/14/1959
09-0105817,Giralda,Feronet,gferonetoq@indiatimes.com,Female,12/2/1995
62-0288243,Mireille,McTiernan,mmctiernanor@odnoklassniki.ru,Female,11/25/1977
94-8793148,Clem,Jeannet,cjeannetos@comcast.net,Male,9/3/1980
41-7069037,Drugi,Lammerts,dlammertsot@oaic.gov.au,Male,3/6/1959
03-2879316,Andria,Panks,apanksou@pcworld.com,Female,6/29/1975
11-2952221,Charyl,Eadmeades,ceadmeadesov@skyrock.com,Female,2/8/1965
67-6145969,Barty,Howerd,bhowerdow@bbb.org,Male,12/28/1975
46-8854459,Christal,Kitteridge,ckitteridgeox@archive.org,Female,9/29/1957
47-6170557,Charity,Pietrowicz,cpietrowiczoy@is.gd,Female,8/15/1966
78-8460469,Craggie,Vooght,cvooghtoz@zimbio.com,Male,2/10/1966
14-4342157,Franny,Panswick,fpanswickp0@theguardian.com,Female,12/7/1999
54-1155465,Eachelle,Scholler,eschollerp1@mayoclinic.com,Female,12/14/1961
48-6339014,Lonni,Aharoni,laharonip2@usa.gov,Female,11/8/1960
92-5527867,Xena,Nobes,xnobesp3@dot.gov,Female,2/21/1974
82-3418434,Daffie,McCourtie,dmccourtiep4@canalblog.com,Female,9/9/2004
65-5695802,Eric,Le Conte,elecontep5@vimeo.com,Male,1/20/1999
70-9768074,Arleyne,Derry,aderryp6@timesonline.co.uk,Female,9/26/1999
76-5813365,Newton,Stummeyer,nstummeyerp7@hugedomains.com,Male,9/19/2002
95-4169719,Nefen,Bearn,nbearnp8@free.fr,Male,7/26/1972
31-7629602,Sean,Rainbow,srainbowp9@newsvine.com,Male,3/29/2005
12-3673653,Bartholomeus,Gittis,bgittispa@over-blog.com,Male,1/3/1998
47-9711663,Augusta,Diggins,adigginspb@sciencedirect.com,Female,4/4/1974
52-1817236,Adriane,Tayler,ataylerpc@wired.com,Female,12/18/1972
92-2267457,Rowen,Rowsel,rrowselpd@twitter.com,Male,8/7/1977
61-3935275,Hendrik,Valance,hvalancepe@photobucket.com,Male,1/27/1961
67-5613010,Augustina,O'Dee,aodeepf@phpbb.com,Female,7/5/2008
07-0401782,Devy,Harburtson,dharburtsonpg@jigsy.com,Male,3/12/1970
52-2142586,Giuditta,Aveling,gavelingph@mozilla.org,Female,4/28/1979
44-8066225,Gianni,Prandi,gprandipi@instagram.com,Male,5/30/1977
68-2660936,Silvester,Gehring,sgehringpj@imdb.com,Male,11/2/1976
20-4483199,Karine,Streeten,kstreetenpk@stanford.edu,Female,11/27/1962
56-4341469,Archy,Littlefair,alittlefairpl@123-reg.co.uk,Male,5/26/2000
73-0949445,Jobina,Kurth,jkurthpm@discuz.net,Female,5/14/1993
43-3351802,Feodor,Wadham,fwadhampn@unicef.org,Male,12/6/1957
88-6144941,Everett,Camillo,ecamillopo@wsj.com,Male,9/20/1974
19-7018431,Tripp,Verzey,tverzeypp@sun.com,Male,4/21/2000
71-2409842,Berke,Caldayrou,bcaldayroupq@weather.com,Male,1/5/1959
73-4379659,Beryle,Alvares,balvarespr@amazon.com,Female,7/29/1973
48-9079939,Vally,Gummer,vgummerps@economist.com,Female,11/30/2002
10-1667692,Yasmeen,Alder,yalderpt@github.com,Female,6/24/1988
41-9554794,Simonette,Dizlie,sdizliepu@delicious.com,Female,5/14/1987
05-6967213,Antons,Rainsbury,arainsburypv@hp.com,Male,11/26/1964
40-9072686,Happy,Bartolomieu,hbartolomieupw@fc2.com,Female,11/9/2006
36-9239998,Chicky,Klaff,cklaffpx@yelp.com,Male,8/16/1979
64-7648088,Lonny,Mergue,lmerguepy@ezinearticles.com,Male,12/8/1963
84-4355776,Perren,Tuxill,ptuxillpz@elegantthemes.com,Male,3/6/1985
94-9890273,Harris,Blanchard,hblanchardq0@mozilla.com,Male,4/16/1988
28-8387144,Leslie,Blindermann,lblindermannq1@sogou.com,Male,8/19/1959
11-5648530,Car,Bruff,cbruffq2@ehow.com,Male,8/29/1980
38-7821771,Belita,Clemenson,bclemensonq3@latimes.com,Female,7/5/1969
21-2733932,Irwin,Vigers,ivigersq4@google.com.hk,Male,6/24/1959
11-9944143,Jo,Gorman,jgormanq5@spotify.com,Male,10/30/1961
19-1175360,Bob,Corryer,bcorryerq6@qq.com,Male,12/29/1957
28-2420517,Katerina,Goodban,kgoodbanq7@google.com.br,Female,1/23/1963
60-3550249,Taber,Burnsall,tburnsallq8@creativecommons.org,Male,6/9/1961
73-9849180,Paton,Alessandone,palessandoneq9@senate.gov,Male,4/15/1995
89-6924187,Laney,Luto,llutoqa@delicious.com,Female,3/16/1976
02-3028154,Kerstin,Glassard,kglassardqb@epa.gov,Female,8/21/1985
33-9863248,Micheal,Adran,madranqc@marriott.com,Male,9/18/1990
03-1753162,Larine,Maxwaile,lmaxwaileqd@drupal.org,Female,12/3/1957
26-0872687,Consuela,Feldstein,cfeldsteinqe@nps.gov,Female,12/17/1958
34-8939363,Agna,Crutchley,acrutchleyqf@seesaa.net,Female,9/13/1957
04-2574107,Corella,Bustard,cbustardqg@exblog.jp,Female,11/24/1978
29-0861089,Garvy,Prentice,gprenticeqh@usatoday.com,Male,2/23/1989
39-7662622,Harriett,Tanser,htanserqi@prlog.org,Female,8/19/1963
44-0778992,Rosemary,MacSherry,rmacsherryqj@bravesites.com,Female,3/29/1970
01-9065679,Delia,Hillin,dhillinqk@oaic.gov.au,Female,2/26/2003
30-7382572,Jayme,Kynson,jkynsonql@ted.com,Male,5/28/1976
85-3519285,Nealon,Thacke,nthackeqm@123-reg.co.uk,Male,12/19/1968
55-5283089,Talbot,Kilduff,tkilduffqn@wix.com,Male,6/16/1965
70-7455086,Cyndia,Doll,cdollqo@instagram.com,Female,2/15/1977
60-1526761,Merell,Stollenbeck,mstollenbeckqp@a8.net,Male,12/15/2006
72-3778380,Joycelin,Marl,jmarlqq@goo.ne.jp,Female,1/17/1972
74-1740274,Mic,Heard,mheardqr@icq.com,Male,5/29/1999
03-9656758,Brnaby,Farge,bfargeqs@freewebs.com,Male,3/12/2002
94-4775934,Karly,Royle,kroyleqt@tuttocitta.it,Female,9/20/1965
77-0090376,Audre,Jeannard,ajeannardqu@walmart.com,Female,12/9/1997
29-6075457,Tessy,Sloley,tsloleyqv@livejournal.com,Female,2/2/2006
20-3249276,Kain,Rajchert,krajchertqw@noaa.gov,Male,2/17/1989
68-3107255,Itch,Deedes,ideedesqx@utexas.edu,Male,7/15/1988
32-8496863,Timothee,Muckian,tmuckianqy@marketwatch.com,Male,2/12/2008
41-7699674,Thatch,Friday,tfridayqz@flickr.com,Male,5/23/1963
42-8623663,Zeke,Silliman,zsillimanr0@tiny.cc,Male,8/22/1985
77-6202999,Carolus,Dunabie,cdunabier1@angelfire.com,Male,3/25/1973
57-9709713,Natividad,Nussgen,nnussgenr2@seesaa.net,Female,5/12/1985
18-0777101,Shannon,Ship,sshipr3@springer.com,Male,10/15/1986
96-2631921,Becky,McKevany,bmckevanyr4@earthlink.net,Female,1/5/1981
55-3596588,Claiborne,Casbolt,ccasboltr5@ox.ac.uk,Male,10/28/2005
74-9189594,Field,Matusson,fmatussonr6@webmd.com,Male,12/4/1961
24-4252682,Vasilis,Kinny,vkinnyr7@last.fm,Male,4/27/1998
88-4700640,Danita,Cowell,dcowellr8@shinystat.com,Female,10/29/1983
26-9914130,Ailyn,Fores,aforesr9@delicious.com,Female,1/30/1980
46-7775657,Geoffry,Gilbanks,ggilbanksra@gizmodo.com,Male,7/20/2000
30-0293889,Don,Rene,drenerb@free.fr,Male,6/25/1970
84-2796032,Freda,Jollye,fjollyerc@fc2.com,Female,7/7/1975
13-3852421,Cathe,Dowbekin,cdowbekinrd@bluehost.com,Female,12/6/1980
13-4125453,Roma,Litherborough,rlitherboroughre@princeton.edu,Male,8/7/2005
79-2524230,Kat,Hoppner,khoppnerrf@harvard.edu,Female,5/1/2005
33-8486816,Maryellen,Lidden,mliddenrg@aboutads.info,Female,11/12/1959
91-0346033,Janifer,Ondrak,jondrakrh@techcrunch.com,Female,12/24/1960
05-9589044,Any,MacLaren,amaclarenri@aboutads.info,Male,11/24/2006
34-6685925,Jone,Rayment,jraymentrj@ftc.gov,Male,11/13/1965
89-2274824,Germayne,Heyfield,gheyfieldrk@uol.com.br,Male,11/12/1963
97-3565892,Amii,Vignaux,avignauxrl@elegantthemes.com,Female,1/12/1995
69-5473820,Cosmo,McVee,cmcveerm@umich.edu,Male,4/2/1994
11-3958578,Whitman,Potes,wpotesrn@dedecms.com,Male,7/5/1971
10-7950025,Tymon,Proswell,tproswellro@yale.edu,Male,11/1/1990
66-2648882,Dede,Ferro,dferrorp@mayoclinic.com,Female,8/31/1985
65-1561713,Pete,Puleston,ppulestonrq@list-manage.com,Male,5/3/1961
36-4881490,Moishe,Reddoch,mreddochrr@webeden.co.uk,Male,5/30/1986
