id,first_name,last_name,email,gender,birthdate
84-2756123,Jasun,Raistrick,jraistrick0@indiatimes.com,Male,3/30/1958
46-0757933,Leslie,Whiles,lwhiles1@psu.edu,Male,3/7/1995
84-4493537,Millard,Bilby,mbilby2@si.edu,Male,12/21/1998
80-5354790,Bevin,Alejandri,balejandri3@ftc.gov,Male,9/14/1979
97-6232059,Lethia,Rosario,lrosario4@kickstarter.com,Female,10/2/1994
70-5000321,Mart,Bollon,mbollon5@yale.edu,Male,9/3/2005
28-6068408,Padgett,Lacroutz,placroutz6@ovh.net,Male,3/1/1984
13-5436908,Antoinette,Furmedge,afurmedge7@oakley.com,Female,4/12/2002
25-9123532,Jennine,Facer,jfacer8@ihg.com,Female,7/4/1970
12-2090729,Emmanuel,Dowdney,edowdney9@discuz.net,Male,10/16/1961
67-1294012,Brewster,Guyan,bguyana@irs.gov,Male,8/25/2005
65-5464076,Benetta,Jaskiewicz,bjaskiewiczb@youku.com,Female,7/22/1988
66-7883093,Bartel,Kydd,bkyddc@lulu.com,Male,7/10/1974
73-6998900,Barny,McPolin,bmcpolind@miitbeian.gov.cn,Male,6/23/2008
40-3839246,Ewell,Goldby,egoldbye@tmall.com,Male,3/6/1994
23-1804572,Darnall,Grisdale,dgrisdalef@diigo.com,Male,8/7/1967
36-6077952,Yorker,Simonato,ysimonatog@springer.com,Male,3/20/1987
82-8891897,Tatum,Robson,trobsonh@latimes.com,Female,5/1/1974
40-3005671,Marge,Henrie,mhenriei@howstuffworks.com,Female,10/28/1974
17-2961936,Kort,Brislan,kbrislanj@cam.ac.uk,Male,9/14/1972
26-7514532,Jodi,Somerbell,jsomerbellk@icq.com,Female,2/13/1996
20-8178860,Gradey,Dolohunty,gdolohuntyl@pbs.org,Male,11/23/1986
37-5253541,Angil,Klamp,aklampm@wunderground.com,Female,7/8/2008
94-5311816,Rad,Sommerville,rsommervillen@google.com.hk,Male,5/25/1990
93-9351695,Doris,Bedow,dbedowo@elegantthemes.com,Female,5/10/1996
48-9115582,Hilton,Bower,hbowerp@google.com.br,Male,5/4/2002
74-3658204,Feliks,Kelwaybamber,fkelwaybamberq@statcounter.com,Male,11/24/1985
95-9944106,Prentice,Whitefoot,pwhitefootr@unc.edu,Male,1/28/1969
46-9463153,Fitz,Banton,fbantons@jiathis.com,Male,8/24/1977
79-0399726,Dolph,Hordle,dhordlet@webs.com,Male,3/4/2000
52-8252432,Ludvig,Wortt,lworttu@telegraph.co.uk,Male,4/21/1969
56-5582187,Laurie,Friel,lfrielv@nifty.com,Male,5/25/2006
14-3290214,Ward,Ivashechkin,wivashechkinw@artisteer.com,Male,8/15/1964
36-4653900,Ruthann,Reason,rreasonx@reddit.com,Female,1/29/1958
75-2627435,Jenelle,Sallinger,jsallingery@who.int,Female,4/7/1964
74-3143730,Tonnie,O'Doran,todoranz@hibu.com,Male,1/9/1988
30-7396213,Jere,Fernao,jfernao10@wufoo.com,Female,2/5/1975
32-5666483,Clem,Camacke,ccamacke11@last.fm,Male,1/30/2007
94-7020414,Stefa,Gavan,sgavan12@angelfire.com,Female,3/20/2008
40-4164709,Taddeusz,Staley,tstaley13@photobucket.com,Male,4/4/2006
03-0369792,Osborne,Showler,oshowler14@elpais.com,Male,12/20/1979
88-0401122,Zandra,Westcott,zwestcott15@lulu.com,Female,7/11/1961
16-2330152,Norri,Hook,nhook16@nationalgeographic.com,Female,1/21/1990
49-8676372,Lorne,Lidgely,llidgely17@skype.com,Male,11/4/1963
55-7165693,Marnia,Pulteneye,mpulteneye18@umn.edu,Female,12/1/1964
81-4641934,Jone,Frankum,jfrankum19@npr.org,Male,3/8/1966
26-3019465,Sigismondo,Josefer,sjosefer1a@deviantart.com,Male,3/7/1958
56-0415436,Winna,Covelle,wcovelle1b@prnewswire.com,Female,4/3/1960
97-8761176,Anna-maria,Digginson,adigginson1c@ehow.com,Female,2/25/1962
54-2248496,Walden,Grichukhanov,wgrichukhanov1d@msn.com,Male,3/27/1989
76-4255971,Minta,Creffeild,mcreffeild1e@nydailynews.com,Female,7/24/1991
35-8195638,Krisha,Duckit,kduckit1f@psu.edu,Male,7/29/2000
50-0020418,Bucky,Patient,bpatient1g@virginia.edu,Male,5/16/2001
63-3305245,Alvan,Snozzwell,asnozzwell1h@opensource.org,Male,4/19/1967
94-0106479,Blondell,Shutte,bshutte1i@mail.ru,Female,8/21/1969
59-3210465,Delly,Insall,dinsall1j@dedecms.com,Female,9/22/1993
23-4903284,Noel,Klimowski,nklimowski1k@facebook.com,Male,1/4/1973
18-1137303,Liv,Fettis,lfettis1l@reddit.com,Female,6/21/2005
99-9752456,Haslett,Pirouet,hpirouet1m@storify.com,Male,12/21/1987
81-6526824,Lona,Rogans,lrogans1n@artisteer.com,Female,8/22/1967
83-5843930,Carey,McQuode,cmcquode1o@csmonitor.com,Male,11/11/1971
24-5687979,Inesita,MacCleay,imaccleay1p@w3.org,Female,9/27/2006
80-6109850,Pascale,MacKain,pmackain1q@imageshack.us,Male,4/1/1989
94-5470086,Gerladina,Blewmen,gblewmen1r@shop-pro.jp,Female,3/13/2004
91-6857170,Aindrea,Pratchett,apratchett1s@ed.gov,Female,3/18/1995
80-1376320,Elsa,Ballin,eballin1t@google.pl,Female,4/5/1967
95-9993745,Marice,Blackway,mblackway1u@canalblog.com,Female,11/11/1981
54-6103848,Zea,Bunnell,zbunnell1v@who.int,Female,6/16/2001
79-1133956,Skelly,Totterdill,stotterdill1w@i2i.jp,Male,2/17/1990
50-5183220,Dyanne,Hornung,dhornung1x@aol.com,Female,12/14/1983
19-2628215,Major,Sixsmith,msixsmith1y@springer.com,Male,7/18/1960
57-5881368,Alastair,Farndale,afarndale1z@engadget.com,Male,2/19/1993
66-7557020,Barry,Gossling,bgossling20@gravatar.com,Male,10/2/1979
46-2662157,Nil,Wabey,nwabey21@senate.gov,Male,7/6/1959
06-1865632,Addy,Gabala,agabala22@washington.edu,Male,8/28/1991
41-7770153,Emery,Golbourn,egolbourn23@fastcompany.com,Male,10/8/1998
51-8623200,Hart,Pallent,hpallent24@usgs.gov,Male,7/13/1991
21-4646764,Herbert,Aizikov,haizikov25@dyndns.org,Male,3/10/1975
39-7246908,Auguste,Halvosen,ahalvosen26@scribd.com,Female,5/3/1967
28-8262280,Baldwin,Cutress,bcutress27@barnesandnoble.com,Male,1/28/1971
57-8514688,Sheree,Fronzek,sfronzek28@independent.co.uk,Female,11/19/1965
67-8196182,Rasla,Hartright,rhartright29@sphinn.com,Female,11/5/1968
96-4595516,Clywd,Tully,ctully2a@netlog.com,Male,2/12/1970
82-9031164,Thedric,Vittori,tvittori2b@behance.net,Male,8/7/1963
36-9062601,Cori,Ewdale,cewdale2c@taobao.com,Female,12/9/1969
68-5200892,Harbert,Downey,hdowney2d@php.net,Male,7/20/1991
37-9541626,Waring,Libbis,wlibbis2e@time.com,Male,9/8/1986
67-7816338,Meris,Hobbing,mhobbing2f@blogspot.com,Female,4/14/1992
41-6918627,Cornelius,Ellin,cellin2g@elegantthemes.com,Male,7/19/2004
99-2966539,Cary,Charity,ccharity2h@simplemachines.org,Male,6/8/1961
95-4368758,Nikoletta,Apdell,napdell2i@marriott.com,Female,8/31/1978
52-5232842,Garold,Vasechkin,gvasechkin2j@mapy.cz,Male,3/1/1976
38-6473777,Ailsun,Farady,afarady2k@amazon.co.uk,Female,11/16/1986
31-8223665,Gregorius,Royle,groyle2l@aboutads.info,Male,1/28/1971
38-0798584,Chip,Trase,ctrase2m@kickstarter.com,Male,1/20/1994
92-9207349,Adrian,Scannell,ascannell2n@addthis.com,Male,2/8/2006
77-3095830,Morlee,Armsby,marmsby2o@fotki.com,Male,12/29/1969
61-6258724,Duffy,Geary,dgeary2p@ucoz.com,Male,11/4/1985
70-6244566,Curran,Oblein,coblein2q@ibm.com,Male,3/29/2001
73-2546055,Ardelia,Deane,adeane2r@discovery.com,Female,9/16/1975
51-5503150,Broderic,Haste,bhaste2s@scribd.com,Male,4/19/2004
67-9125362,Ertha,Trembath,etrembath2t@macromedia.com,Female,8/2/1970
88-4600394,Gunter,Ferrario,gferrario2u@nytimes.com,Male,5/28/1978
45-5808764,Georgi,Repper,grepper2v@google.es,Male,6/11/1982
51-0017993,Field,Hartridge,fhartridge2w@cornell.edu,Male,8/11/1962
70-4634268,Cathy,Whittington,cwhittington2x@plala.or.jp,Female,4/25/1990
48-9922754,Granger,Boynton,gboynton2y@rambler.ru,Male,6/5/1958
92-7897163,Berty,felip,bfelip2z@cbsnews.com,Male,4/23/1962
42-8762607,Cyril,Waterhous,cwaterhous30@1688.com,Male,6/29/1979
41-2236561,Isa,Gebby,igebby31@gravatar.com,Male,1/20/2007
17-3519379,Judas,Hadlee,jhadlee32@lulu.com,Male,8/23/1963
67-8539446,Manya,Hemphrey,mhemphrey33@cnbc.com,Female,11/29/1959
42-3321972,Tania,Dungate,tdungate34@scribd.com,Female,6/4/2001
54-5061839,Jobey,Cuberley,jcuberley35@mit.edu,Female,6/5/1974
59-0418553,Sayres,Tapper,stapper36@over-blog.com,Male,9/1/1989
23-0688786,Jules,Onthank,jonthank37@cdc.gov,Male,10/28/2006
87-5005653,Jason,Dearan,jdearan38@barnesandnoble.com,Male,7/28/1996
57-3806896,Skipper,Nutbeam,snutbeam39@skyrock.com,Male,4/1/1992
08-8415589,Conn,Trenholm,ctrenholm3a@skyrock.com,Male,8/25/2003
37-3086187,Carri,Penn,cpenn3b@myspace.com,Female,4/16/1991
03-7564091,Averil,Raitt,araitt3c@oracle.com,Female,6/15/2000
89-6733312,Ortensia,Langtry,olangtry3d@huffingtonpost.com,Female,5/7/1960
77-5480526,Caressa,Waistell,cwaistell3e@exblog.jp,Female,6/2/1982
68-8390226,Gaby,Conisbee,gconisbee3f@ca.gov,Female,10/6/2002
32-7046630,Ingmar,Mesnard,imesnard3g@gizmodo.com,Male,11/20/1992
76-0781969,Renate,Mullally,rmullally3h@berkeley.edu,Female,8/9/1966
16-6227554,Jennine,Greste,jgreste3i@europa.eu,Female,11/26/1959
21-7962328,Allin,Leeburn,aleeburn3j@auda.org.au,Male,11/16/1975
87-4070581,Margarete,Papen,mpapen3k@amazon.de,Female,8/1/1996
61-1310275,Celka,Gow,cgow3l@samsung.com,Female,4/12/1961
26-1258462,Georgianna,Menlow,gmenlow3m@opera.com,Female,5/12/1970
50-0565724,Sella,Spurdens,sspurdens3n@topsy.com,Female,2/27/1986
02-2450265,Doralyn,Kampshell,dkampshell3o@jugem.jp,Female,12/21/1987
19-1481966,Alexina,Dyball,adyball3p@g.co,Female,6/1/2000
27-4980572,Flossy,Rocca,frocca3q@un.org,Female,8/24/1984
78-3470810,Costanza,Murfill,cmurfill3r@businesswire.com,Female,12/21/1981
47-5656757,Zed,Lunck,zlunck3s@mit.edu,Male,2/22/2008
77-3412132,Ynez,Levens,ylevens3t@theguardian.com,Female,8/11/1985
74-5589132,Vivian,Edison,vedison3u@statcounter.com,Female,12/8/1958
22-1795977,Tommi,Lopes,tlopes3v@goodreads.com,Female,4/22/1973
00-6339335,Sosanna,Housegoe,shousegoe3w@blogger.com,Female,7/26/1985
50-6449179,Mick,Snasdell,msnasdell3x@parallels.com,Male,10/7/1970
66-6613492,Caty,Larkings,clarkings3y@pinterest.com,Female,4/2/1992
80-8232633,Ofella,Biasini,obiasini3z@qq.com,Female,9/23/2000
51-9679158,Curran,Garrood,cgarrood40@fotki.com,Male,7/4/1969
19-3181806,Welsh,Chrishop,wchrishop41@chronoengine.com,Male,10/22/1963
50-4408102,Bree,Mealiffe,bmealiffe42@artisteer.com,Female,7/13/1995
18-8164063,Konstanze,Backwell,kbackwell43@reverbnation.com,Female,8/23/1974
32-2317333,Star,Skeffington,sskeffington44@wordpress.com,Female,10/1/1971
31-6904613,Iona,Scarce,iscarce45@arizona.edu,Female,10/7/1981
63-0010846,Tam,Toppes,ttoppes46@feedburner.com,Male,12/4/1979
07-3037298,Hesther,Ticehurst,hticehurst47@nhs.uk,Female,12/28/1965
68-3244696,Lezlie,Jerok,ljerok48@feedburner.com,Female,5/3/1998
00-2514779,Monti,Blowen,mblowen49@hatena.ne.jp,Male,12/22/2000
72-9241669,Clyde,Antoni,cantoni4a@seesaa.net,Male,3/1/1965
48-7809615,Kingston,Elwell,kelwell4b@guardian.co.uk,Male,4/11/1979
12-8967847,Boy,Whyffen,bwhyffen4c@nationalgeographic.com,Male,5/20/2004
72-1411410,Tiphanie,Hempshall,thempshall4d@vistaprint.com,Female,11/15/1965
32-0696448,Birgitta,Connal,bconnal4e@vkontakte.ru,Female,8/8/1962
91-0912634,Emmery,Ranfield,eranfield4f@baidu.com,Male,6/24/1963
68-9813348,Manuel,MacLeod,mmacleod4g@prweb.com,Male,2/23/1970
06-7430463,Vernice,Mephan,vmephan4h@list-manage.com,Female,11/16/2002
55-7427027,Neala,Ingold,ningold4i@howstuffworks.com,Female,7/8/1975
68-3360344,Nappie,Coye,ncoye4j@prnewswire.com,Male,5/3/1959
68-2753061,Germain,Hulland,ghulland4k@51.la,Male,2/25/2006
53-0596381,Orville,Venes,ovenes4l@senate.gov,Male,3/28/1979
47-9973729,Granthem,Ecclestone,gecclestone4m@mysql.com,Male,3/26/1974
89-0116945,Imojean,Cadogan,icadogan4n@yellowpages.com,Female,7/3/1993
28-1414376,Blake,Gulston,bgulston4o@angelfire.com,Male,12/8/1995
12-1090242,Eliot,Senechell,esenechell4p@buzzfeed.com,Male,2/16/2004
22-3211335,Dall,Eayres,deayres4q@bluehost.com,Male,11/13/1991
85-9091100,Onfroi,Rouby,orouby4r@redcross.org,Male,7/27/1997
91-5632811,Jourdan,Chicken,jchicken4s@foxnews.com,Female,12/10/1990
25-7305104,Donna,Corrison,dcorrison4t@oakley.com,Female,3/21/1958
62-2633908,Raymond,Birkbeck,rbirkbeck4u@examiner.com,Male,8/28/1968
26-2704061,Bank,Lemmers,blemmers4v@marketwatch.com,Male,11/15/1969
26-6354672,Brody,Axon,baxon4w@hibu.com,Male,12/30/1987
99-9817918,Wiatt,Gaskall,wgaskall4x@cmu.edu,Male,12/20/1990
87-2578283,Mendel,Ibbitt,mibbitt4y@meetup.com,Male,1/20/1994
90-5861460,Timofei,Fiander,tfiander4z@alibaba.com,Male,12/26/1989
15-0798796,Harry,Vidyapin,hvidyapin50@photobucket.com,Male,1/12/1960
70-9741286,Skyler,Zylberdik,szylberdik51@icio.us,Male,10/23/1975
94-9953921,Stanislaw,Sangwine,ssangwine52@wp.com,Male,3/16/1960
99-9005532,Anne-corinne,Pirrey,apirrey53@dedecms.com,Female,1/1/1971
59-8324631,Brittni,De la Yglesia,bdelayglesia54@privacy.gov.au,Female,1/10/2005
41-3189030,Hervey,Bestiman,hbestiman55@webnode.com,Male,1/24/2008
75-5251383,Elysha,Pemble,epemble56@ucla.edu,Female,12/25/1982
77-0041210,Fidelia,Tompkiss,ftompkiss57@cdc.gov,Female,6/27/1979
45-4428163,Teresita,Yuryshev,tyuryshev58@nps.gov,Female,3/9/1966
73-2234086,Hilde,Rameau,hrameau59@oracle.com,Female,9/21/1964
45-7664017,Margette,Joanaud,mjoanaud5a@apache.org,Female,8/28/1982
91-7189356,Desiree,Chestney,dchestney5b@omniture.com,Female,12/20/1973
89-3431510,Chryste,Newgrosh,cnewgrosh5c@gmpg.org,Female,9/15/1969
25-7447743,Morlee,Wannan,mwannan5d@mayoclinic.com,Male,11/12/1998
96-8514808,Berk,Cortes,bcortes5e@eepurl.com,Male,10/8/1990
68-8638831,Aldrich,Pittson,apittson5f@artisteer.com,Male,2/13/1983
54-8923419,Breena,Death,bdeath5g@marriott.com,Female,1/23/2008
14-2652608,Salem,Dowsing,sdowsing5h@scribd.com,Male,10/14/1980
47-9961750,Bernetta,Ilyukhov,bilyukhov5i@scribd.com,Female,7/9/2003
47-0609397,Benedicta,Driffill,bdriffill5j@pen.io,Female,10/28/2008
98-0417647,Leelah,Bratton,lbratton5k@vkontakte.ru,Female,6/8/1977
69-1850576,Karen,Entwisle,kentwisle5l@stumbleupon.com,Female,12/4/1999
14-3137285,Milicent,Janoschek,mjanoschek5m@webs.com,Female,11/25/1989
09-7243497,Emilee,Hardwicke,ehardwicke5n@sitemeter.com,Female,4/1/1976
23-5963873,Reade,Masi,rmasi5o@uiuc.edu,Male,9/17/1959
43-0356942,Giulio,Coldbath,gcoldbath5p@google.ca,Male,5/18/1981
51-7114207,Brew,Priddis,bpriddis5q@mlb.com,Male,12/3/1993
42-4802485,Byrom,Dearness,bdearness5r@vkontakte.ru,Male,1/9/1988
64-2238219,Ephrem,Mitkin,emitkin5s@scientificamerican.com,Male,2/28/1979
37-5220553,Brenda,Snawdon,bsnawdon5t@hp.com,Female,8/25/1982
57-2952429,Koral,Rosenfeld,krosenfeld5u@alibaba.com,Female,2/11/1987
43-8209492,Cullin,Peggs,cpeggs5v@mapy.cz,Male,3/19/2008
37-0986245,Rozanne,Fowlestone,rfowlestone5w@mozilla.org,Female,10/7/1963
67-2841267,Kalinda,Pomroy,kpomroy5x@a8.net,Female,1/3/1974
03-1302204,Amble,Satchell,asatchell5y@adobe.com,Male,7/3/1991
43-4314567,Breena,Canner,bcanner5z@macromedia.com,Female,8/13/1961
34-4212866,Noland,Meriott,nmeriott60@de.vu,Male,1/27/1964
62-0539683,Jimmie,Itzak,jitzak61@timesonline.co.uk,Male,3/31/1975
96-7939452,Fonz,Meininger,fmeininger62@unc.edu,Male,9/1/1957
19-5616194,Germana,Matthewson,gmatthewson63@amazonaws.com,Female,3/31/2001
43-4351358,Andre,Gelsthorpe,agelsthorpe64@cloudflare.com,Male,4/26/1999
96-3227551,Angelita,Bucham,abucham65@over-blog.com,Female,2/19/1967
68-5485560,Ilene,Brooke,ibrooke66@cpanel.net,Female,8/22/1997
21-9376069,Prince,Sturch,psturch67@stumbleupon.com,Male,4/8/1965
66-2759826,Georgianna,Philipson,gphilipson68@china.com.cn,Female,7/7/1976
43-8675434,Heath,Clemanceau,hclemanceau69@spiegel.de,Male,5/17/1995
11-8388769,Merrilee,Dillintone,mdillintone6a@friendfeed.com,Female,8/21/1983
45-0688308,Matty,Atling,matling6b@economist.com,Male,5/4/1986
21-6045946,Reagen,Rundall,rrundall6c@usnews.com,Male,6/21/1985
27-0554612,Marcile,Lester,mlester6d@jalbum.net,Female,11/14/1970
37-2565397,Anatollo,Brewers,abrewers6e@miibeian.gov.cn,Male,3/25/2007
16-4832635,Codee,Bachelar,cbachelar6f@sbwire.com,Female,6/7/2004
66-3556822,Forrest,Treffrey,ftreffrey6g@homestead.com,Male,7/1/1983
19-1570892,Andrey,Ogelsby,aogelsby6h@china.com.cn,Male,1/13/1967
48-7353651,Reynard,Parfrey,rparfrey6i@craigslist.org,Male,8/13/1966
17-7075019,Dianemarie,Solley,dsolley6j@bing.com,Female,3/12/1999
10-7711862,Kelwin,Jacobowits,kjacobowits6k@jigsy.com,Male,3/10/2002
52-4557382,Adamo,Dishmon,adishmon6l@canalblog.com,Male,11/30/1972
07-0353901,Lorne,Willmot,lwillmot6m@squidoo.com,Male,4/24/2007
54-5741804,Ramsay,Eastmond,reastmond6n@howstuffworks.com,Male,2/3/2000
97-7420923,Sawyer,Hucknall,shucknall6o@arizona.edu,Male,7/30/1959
86-3165439,Briggs,Twinborne,btwinborne6p@scientificamerican.com,Male,11/13/1995
35-1208830,Che,Jewis,cjewis6q@ow.ly,Male,4/4/1981
53-6863111,Cyndy,MacGraith,cmacgraith6r@4shared.com,Female,4/3/1963
14-2816914,Beth,Bartlomiejczyk,bbartlomiejczyk6s@clickbank.net,Female,5/26/1962
88-2284026,Daffie,Palister,dpalister6t@cnet.com,Female,11/29/1970
86-1947854,Randa,McKevin,rmckevin6u@businesswire.com,Female,6/15/1978
56-5461362,Bryan,Seignior,bseignior6v@joomla.org,Male,12/16/1960
46-6111103,Brantley,Mercer,bmercer6w@chron.com,Male,6/7/1986
30-8686394,Cherrita,Artharg,cartharg6x@posterous.com,Female,1/16/1973
45-0513619,Kris,Gagie,kgagie6y@cisco.com,Male,7/15/1967
35-2013885,Kelbee,Choudhury,kchoudhury6z@tinypic.com,Male,11/9/2006
46-4161923,Gaynor,Rodolphe,grodolphe70@behance.net,Female,8/1/1986
10-7761385,Ignatius,MacVean,imacvean71@cocolog-nifty.com,Male,3/8/2005
27-0816453,Cammi,Jerrems,cjerrems72@hibu.com,Female,2/21/1970
35-5253223,Nell,Lenney,nlenney73@wsj.com,Female,4/7/2004
59-9334901,Wilhelmine,Gebhardt,wgebhardt74@goodreads.com,Female,10/26/1976
13-2792881,Scotti,Labbett,slabbett75@shinystat.com,Male,5/10/1983
73-3220092,Reilly,Misk,rmisk76@statcounter.com,Male,6/25/1979
04-8950861,Cornall,McKellen,cmckellen77@sphinn.com,Male,7/23/2001
13-5587564,Allyn,Dunlea,adunlea78@indiegogo.com,Female,5/17/1984
25-2001710,Tybalt,Lackmann,tlackmann79@time.com,Male,8/2/1987
12-7884097,Rica,Kondratyuk,rkondratyuk7a@blog.com,Female,8/2/1982
85-4548462,Florence,Southern,fsouthern7b@oaic.gov.au,Female,5/28/1986
42-8238240,Ozzy,Tripony,otripony7c@photobucket.com,Male,6/9/1960
56-6046365,Drud,Jentet,djentet7d@toplist.cz,Male,3/7/1986
59-6874188,Vanda,Jaye,vjaye7e@home.pl,Female,2/8/2003
13-7009692,Averill,Lambarth,alambarth7f@digg.com,Male,1/9/1985
68-1243040,Esta,Guerrero,eguerrero7g@canalblog.com,Female,9/21/2004
66-2598628,Seline,Ridings,sridings7h@squidoo.com,Female,7/6/1966
32-9067258,Warden,Spinley,wspinley7i@howstuffworks.com,Male,7/11/1993
19-4479099,Elbertine,Dadge,edadge7j@vkontakte.ru,Female,3/8/2003
46-5760062,Yuri,Kobiera,ykobiera7k@odnoklassniki.ru,Male,3/25/1974
42-5141143,Philbert,Rigbye,prigbye7l@accuweather.com,Male,3/8/1971
45-8055146,Christean,Firidolfi,cfiridolfi7m@nifty.com,Female,12/4/1998
40-3638292,Welbie,Pariss,wpariss7n@cnbc.com,Male,12/12/1964
59-9294273,Bebe,Nairy,bnairy7o@meetup.com,Female,8/17/2005
06-8991740,Perice,Jinks,pjinks7p@theatlantic.com,Male,2/26/2004
73-8434488,Karol,Denty,kdenty7q@altervista.org,Female,11/26/1985
56-6401303,Gay,Scones,gscones7r@prnewswire.com,Male,10/15/1962
64-2318557,Nevil,Milius,nmilius7s@tripod.com,Male,7/28/1968
24-5501782,Pattin,Crossman,pcrossman7t@reuters.com,Male,6/9/2003
92-7243718,Frasier,Stiven,fstiven7u@lycos.com,Male,3/24/1957
63-7301503,Ashly,Prescote,aprescote7v@columbia.edu,Female,9/2/1994
45-7990694,Nowell,Ebbage,nebbage7w@oaic.gov.au,Male,9/29/1968
82-2035287,Almeta,Mullaney,amullaney7x@salon.com,Female,3/17/1998
77-9675864,Cary,Tunaclift,ctunaclift7y@businessweek.com,Male,12/24/1984
66-0345979,Morlee,Greystock,mgreystock7z@tiny.cc,Male,1/19/1965
69-7046879,Thomasa,Bendell,tbendell80@shop-pro.jp,Female,3/27/1986
97-1626813,Taddeusz,Strickland,tstrickland81@microsoft.com,Male,5/7/1979
67-4652436,Ruthie,Offill,roffill82@typepad.com,Female,1/2/1992
29-2642924,Del,Blunt,dblunt83@mail.ru,Female,6/8/2003
91-4691686,Ashli,Garbutt,agarbutt84@yelp.com,Female,12/27/1957
52-1134714,Babbette,Tapply,btapply85@umich.edu,Female,12/26/1987
48-5354415,Lindsay,Brymham,lbrymham86@usatoday.com,Female,11/9/1984
30-9255247,Biddy,Elias,belias87@hibu.com,Female,7/19/1988
28-5558004,Cornelius,Brashier,cbrashier88@noaa.gov,Male,1/28/1977
93-8206226,Malcolm,Bale,mbale89@cisco.com,Male,6/22/1959
26-4122073,Anson,Fergyson,afergyson8a@guardian.co.uk,Male,9/23/1970
80-8493791,Stanislas,Cunniam,scunniam8b@ebay.com,Male,1/25/1989
74-2063462,Bartlet,Scheffel,bscheffel8c@vimeo.com,Male,2/9/2003
42-7205754,Korrie,Handman,khandman8d@ebay.co.uk,Female,6/29/1991
49-4248570,Hurleigh,Lount,hlount8e@comsenz.com,Male,3/12/1997
43-6832934,Fitzgerald,Hissie,fhissie8f@dion.ne.jp,Male,8/18/1995
59-1853137,Lelia,D'Ambrogio,ldambrogio8g@edublogs.org,Female,12/2/2004
94-5755870,Tawnya,Ruzicka,truzicka8h@bravesites.com,Female,9/12/1979
28-6706635,Theodor,Moehler,tmoehler8i@usgs.gov,Male,4/23/1959
03-2186196,Anthia,Huetson,ahuetson8j@oracle.com,Female,11/6/1974
16-8886818,Loralee,Petasch,lpetasch8k@unc.edu,Female,2/10/1995
49-2896297,Yetty,Iglesias,yiglesias8l@sphinn.com,Female,4/8/1968
09-2664219,Ileana,Mould,imould8m@people.com.cn,Female,11/9/2007
63-7243670,Northrup,Antoniewicz,nantoniewicz8n@ustream.tv,Male,8/11/2001
83-4303956,Emili,Yearsley,eyearsley8o@businessweek.com,Female,4/17/1965
16-3131446,Malinde,Whiteside,mwhiteside8p@e-recht24.de,Female,4/4/1980
77-8504771,Cati,Sweeny,csweeny8q@pinterest.com,Female,1/11/1986
64-9490322,Marcille,Jodrelle,mjodrelle8r@mapquest.com,Female,2/14/1979
92-6382632,Carmelita,Reary,creary8s@cbsnews.com,Female,10/23/1976
21-0545545,Sawyere,Folkes,sfolkes8t@cmu.edu,Male,3/5/1966
73-6892112,Aldwin,Muino,amuino8u@ox.ac.uk,Male,8/4/1993
15-7850191,Delcine,Ondrus,dondrus8v@gizmodo.com,Female,5/28/1968
59-2299271,Shanda,Mytton,smytton8w@arstechnica.com,Female,10/9/1990
38-2423793,Leonhard,Fieldstone,lfieldstone8x@thetimes.co.uk,Male,2/7/1984
37-6670280,Marchelle,Paquet,mpaquet8y@hexun.com,Female,6/9/1999
35-1533770,Roslyn,Purvis,rpurvis8z@digg.com,Female,5/28/1999
82-8504062,Enos,Belsham,ebelsham90@ftc.gov,Male,5/29/1993
85-4602499,Timofei,Elrick,telrick91@arizona.edu,Male,6/9/1985
98-3006376,Rabi,Pleuman,rpleuman92@shutterfly.com,Male,11/10/1994
17-3101987,Roanne,Roseburgh,rroseburgh93@tiny.cc,Female,2/17/1960
68-9115115,Ddene,Supple,dsupple94@squarespace.com,Female,2/25/1998
42-4337293,Andrei,Waylett,awaylett95@va.gov,Female,10/18/2008
11-2305380,Mart,Falconar,mfalconar96@hubpages.com,Male,5/3/1960
21-0350914,Cullie,Beedom,cbeedom97@ucsd.edu,Male,1/16/1974
23-9859846,Shawna,Dowe,sdowe98@ca.gov,Female,5/1/1966
05-1096734,Ivan,Fanner,ifanner99@google.cn,Male,3/8/1989
50-4242276,Iago,Brazenor,ibrazenor9a@soundcloud.com,Male,5/17/2007
12-8234241,Othilie,Du Fray,odufray9b@cyberchimps.com,Female,5/24/1991
17-5646553,Mariska,Janku,mjanku9c@so-net.ne.jp,Female,3/29/1999
02-4996082,Luz,Titterton,ltitterton9d@chron.com,Female,12/25/1964
49-1112820,Oona,Thebes,othebes9e@businessinsider.com,Female,8/7/1990
04-6548451,Guntar,Tantum,gtantum9f@chronoengine.com,Male,2/25/1973
34-0686387,Henrieta,Dimitriou,hdimitriou9g@dailymotion.com,Female,4/11/1965
09-1316931,Lazare,Lutsch,llutsch9h@adobe.com,Male,3/10/1984
19-8033837,Gill,Millington,gmillington9i@nationalgeographic.com,Male,2/9/1996
49-7284846,Erastus,Tandy,etandy9j@addthis.com,Male,11/9/1962
38-2539608,Alick,Palmer,apalmer9k@timesonline.co.uk,Male,8/20/1997
66-6243071,Georgetta,Hulance,ghulance9l@seesaa.net,Female,2/6/2000
17-5302335,Derwin,Dadley,ddadley9m@harvard.edu,Male,2/12/1994
39-9539020,Silvanus,Ellerey,sellerey9n@angelfire.com,Male,3/30/2007
57-6526252,Nickie,Izacenko,nizacenko9o@imdb.com,Female,5/3/1981
17-1235872,Sidoney,Kennefick,skennefick9p@sbwire.com,Female,11/7/2003
18-1712676,Carolyn,MacIlurick,cmacilurick9q@wordpress.org,Female,6/16/1989
78-1066870,Maiga,Wailes,mwailes9r@google.de,Female,3/17/1982
85-1439176,Giffer,Godbolt,ggodbolt9s@typepad.com,Male,1/21/1978
77-8220699,Malia,Ferrierio,mferrierio9t@census.gov,Female,8/26/1982
55-1944870,Michel,Aldcorne,maldcorne9u@discuz.net,Male,1/10/1983
67-7947924,Lauryn,Tredget,ltredget9v@statcounter.com,Female,9/14/1966
72-4485644,Kaitlyn,Balden,kbalden9w@cdbaby.com,Female,11/1/1989
68-3145125,Kris,Lauxmann,klauxmann9x@sphinn.com,Male,5/29/1959
18-6220573,Jolee,Lynch,jlynch9y@examiner.com,Female,8/6/2001
03-9405797,Jana,Cromleholme,jcromleholme9z@bbc.co.uk,Female,3/3/1963
79-8749782,Catie,Puckett,cpucketta0@hc360.com,Female,11/18/1971
47-9626256,Osbourne,Edgeworth,oedgewortha1@nih.gov,Male,1/27/1974
21-2396542,Lefty,Fairham,lfairhama2@nhs.uk,Male,5/10/1975
99-1078397,Eilis,Melmeth,emelmetha3@businesswire.com,Female,1/4/1977
06-9990601,Adolphe,Crippin,acrippina4@cnet.com,Male,10/16/1995
92-5726122,Thibaut,Chase,tchasea5@google.es,Male,2/16/2000
10-4471940,Pete,Carine,pcarinea6@who.int,Male,10/23/1974
60-3327665,Kristel,Bellow,kbellowa7@typepad.com,Female,10/25/1984
42-5574404,Estella,Pinckard,epinckarda8@mac.com,Female,7/29/1973
66-6197918,Karon,Attride,kattridea9@dion.ne.jp,Female,2/7/1985
58-2848638,Theo,Sommerland,tsommerlandaa@aol.com,Female,7/1/2003
41-9291482,Lionel,Mauchlen,lmauchlenab@yahoo.co.jp,Male,10/14/1966
37-2992437,Freedman,Crysell,fcrysellac@reuters.com,Male,12/10/1989
80-2708814,Alecia,Balbeck,abalbeckad@flavors.me,Female,8/11/1994
86-3381995,Melva,Moulden,mmouldenae@cloudflare.com,Female,12/21/1957
21-6141390,Ailey,Castellani,acastellaniaf@merriam-webster.com,Female,9/8/1958
08-5654027,Creight,Hulke,chulkeag@tiny.cc,Male,8/11/1995
81-0848310,Kinnie,Elmhurst,kelmhurstah@wordpress.org,Male,4/23/1987
31-8183359,Dun,Rosenfield,drosenfieldai@nyu.edu,Male,5/31/1986
30-2537351,Salli,Rooms,sroomsaj@toplist.cz,Female,4/14/1979
22-0369913,Tad,Dodgson,tdodgsonak@istockphoto.com,Male,3/27/1994
54-5365084,Alanah,Gravy,agravyal@china.com.cn,Female,1/22/1991
83-1133255,Cyrillus,D'Antonio,cdantonioam@paypal.com,Male,6/6/2008
32-8755746,Codie,Breckenridge,cbreckenridgean@delicious.com,Female,9/26/1976
77-3976806,Marjie,Rubee,mrubeeao@jalbum.net,Female,7/11/1994
20-2074863,Marijn,Ridler,mridlerap@example.com,Male,12/15/1990
03-4482103,Anatol,Tonkin,atonkinaq@addtoany.com,Male,4/27/1985
41-0040566,Janek,Sneath,jsneathar@etsy.com,Male,5/19/1972
26-3781803,Agata,Coatts,acoattsas@comcast.net,Female,7/28/1991
19-7075442,Suzette,Boggon,sboggonat@blogs.com,Female,12/9/2007
23-5429718,Gearalt,Sopper,gsopperau@shinystat.com,Male,4/29/1992
83-9245637,Arlin,Lindner,alindnerav@lulu.com,Male,3/25/1997
39-1132209,Nehemiah,Francais,nfrancaisaw@archive.org,Male,6/23/2002
30-3058516,Morna,Swalwel,mswalwelax@1und1.de,Female,3/14/1987
48-5772244,Ruby,Winsome,rwinsomeay@omniture.com,Male,5/10/2003
37-2444834,Anabel,Gruczka,agruczkaaz@studiopress.com,Female,5/13/1977
96-6565615,Anastasia,Kirsche,akirscheb0@tripod.com,Female,11/5/2003
08-7806146,Christoph,Wyleman,cwylemanb1@barnesandnoble.com,Male,1/23/1987
33-1643027,Cyrill,Worsfield,cworsfieldb2@apache.org,Male,4/11/1972
13-4343306,Byron,Draysay,bdraysayb3@japanpost.jp,Male,8/5/1986
38-0571319,Allys,Stonelake,astonelakeb4@mail.ru,Female,2/23/2005
75-8253636,Waldo,Rosoman,wrosomanb5@bigcartel.com,Male,5/14/2005
95-7721553,Alfy,Hartgill,ahartgillb6@newyorker.com,Female,6/16/1960
35-4264981,Richardo,Berrow,rberrowb7@edublogs.org,Male,4/23/1975
68-3451777,Charles,Miners,cminersb8@icio.us,Male,2/14/1987
91-6649672,Buck,Broomfield,bbroomfieldb9@yahoo.com,Male,3/4/1957
28-5292763,Jude,Daulby,jdaulbyba@pagesperso-orange.fr,Male,10/25/1988
95-1792401,Violette,Kordova,vkordovabb@jiathis.com,Female,7/2/1993
82-0380246,Tuesday,Dibbert,tdibbertbc@instagram.com,Female,4/13/1994
20-5547953,Clarance,Okill,cokillbd@comcast.net,Male,11/30/1996
17-6145890,Margaretta,Gabb,mgabbbe@vimeo.com,Female,5/13/2003
65-0227119,Paulie,Mitchely,pmitchelybf@npr.org,Male,9/24/2006
30-9267539,Rosalind,Mulholland,rmulhollandbg@harvard.edu,Female,10/31/1958
42-8478136,Mamie,Tryhorn,mtryhornbh@scientificamerican.com,Female,3/4/1973
14-3171326,Tracey,Ferriday,tferridaybi@google.com.hk,Male,7/25/1968
14-4800205,Robert,Paish,rpaishbj@shareasale.com,Male,1/22/1997
38-3143986,Tanney,Chalkly,tchalklybk@twitpic.com,Male,9/8/1957
57-8548695,Cody,Greschik,cgreschikbl@chronoengine.com,Female,11/10/2003
87-4748194,Brigida,Leming,blemingbm@squarespace.com,Female,5/30/1968
02-1946296,Judon,Ivoshin,jivoshinbn@nbcnews.com,Male,3/6/1998
44-7616181,Fifi,Durning,fdurningbo@huffingtonpost.com,Female,7/4/1992
86-0186764,Lynnett,Haggus,lhaggusbp@jiathis.com,Female,3/19/1976
09-9534141,Guntar,Cuvley,gcuvleybq@usgs.gov,Male,3/19/1973
61-7987526,Carmine,Arney,carneybr@parallels.com,Female,1/17/1999
65-3162311,Tate,Sjostrom,tsjostrombs@vimeo.com,Female,5/6/1957
74-1185629,Hedwig,Thewlis,hthewlisbt@adobe.com,Female,7/28/2006
18-5040975,Drona,Stolberger,dstolbergerbu@usgs.gov,Female,11/18/1959
26-4657576,Row,Roskelley,rroskelleybv@multiply.com,Female,1/16/1989
21-0426554,Mattheus,Ellingsworth,mellingsworthbw@prlog.org,Male,8/15/1990
83-1532358,Orazio,Babst,obabstbx@discuz.net,Male,7/30/2001
57-6089470,Lenee,Burnes,lburnesby@uiuc.edu,Female,7/14/2004
96-0531442,Jared,Heckle,jhecklebz@accuweather.com,Male,9/18/1984
47-2542729,Wittie,Giacobillo,wgiacobilloc0@merriam-webster.com,Male,7/5/2002
16-7980215,Giorgio,Seiler,gseilerc1@vk.com,Male,5/9/1996
99-1254071,Dannie,Kilborn,dkilbornc2@homestead.com,Female,9/10/1986
78-8963378,Launce,Guite,lguitec3@marketwatch.com,Male,4/29/1966
80-3042420,Christine,Roose,croosec4@issuu.com,Female,7/9/1992
75-8643157,Zechariah,Goodinson,zgoodinsonc5@foxnews.com,Male,8/15/2001
44-8888272,Kenn,Standeven,kstandevenc6@un.org,Male,6/11/1982
85-7389793,Addy,Worgen,aworgenc7@cisco.com,Female,5/22/1989
04-5296477,Liane,Exrol,lexrolc8@edublogs.org,Female,5/24/1960
95-4571826,Worthy,Hanna,whannac9@springer.com,Male,5/21/1987
42-8617007,Arny,Kohnert,akohnertca@go.com,Male,4/25/1991
54-6702322,Julianne,Wyllt,jwylltcb@mit.edu,Female,12/31/1960
76-9424869,Remington,Gieraths,rgierathscc@mysql.com,Male,3/13/2004
34-5761235,Ambrose,Goodbur,agoodburcd@smugmug.com,Male,8/17/1983
86-3738812,Batholomew,Fattorini,bfattorinice@xing.com,Male,5/12/1963
56-8329444,Ruy,Bussetti,rbussetticf@exblog.jp,Male,3/30/1990
85-1311176,Rabbi,Keene,rkeenecg@mediafire.com,Male,6/29/2000
86-6669378,Indira,Hullins,ihullinsch@cocolog-nifty.com,Female,3/2/1994
58-8491197,Jefferey,Callcott,jcallcottci@goodreads.com,Male,3/2/1963
95-1555709,Linea,Warner,lwarnercj@plala.or.jp,Female,2/13/1998
40-5147055,Sibyl,Brenneke,sbrennekeck@rambler.ru,Male,10/22/1963
53-3279479,Cissiee,Abells,cabellscl@theglobeandmail.com,Female,12/28/1993
35-4011372,Kathleen,Schmuhl,kschmuhlcm@cnet.com,Female,7/14/1987
10-0322442,Jule,Dailey,jdaileycn@nhs.uk,Male,10/24/1968
13-9907383,Susana,Luter,sluterco@go.com,Female,10/16/1992
40-0457669,Carroll,Heistermann,cheistermanncp@altervista.org,Male,2/17/1965
59-0880742,Ange,McDunlevy,amcdunlevycq@webeden.co.uk,Male,2/1/1998
89-0940987,Elva,Fydo,efydocr@gov.uk,Female,12/25/1965
05-4177740,Alix,Mish,amishcs@reuters.com,Male,10/8/1978
51-1874768,Monro,Walczynski,mwalczynskict@disqus.com,Male,3/19/1979
44-4443093,Yelena,Fulle,yfullecu@unblog.fr,Female,10/12/1963
05-2861029,Kara-lynn,Lambkin,klambkincv@sogou.com,Female,5/18/1986
35-4345194,Bernete,Hruska,bhruskacw@fc2.com,Female,12/26/1985
40-0032226,Allyce,Rosel,aroselcx@hubpages.com,Female,9/22/1958
34-0618573,Sada,Commin,scommincy@jigsy.com,Female,12/23/2006
35-3489078,Gayla,Geffinger,ggeffingercz@tamu.edu,Female,8/3/1970
95-1762717,Corabel,Colchett,ccolchettd0@youku.com,Female,4/11/1990
70-5924384,Fons,Nunnery,fnunneryd1@sbwire.com,Male,2/27/1979
59-2331848,Paule,Heball,pheballd2@dagondesign.com,Female,10/25/1995
63-9216877,Kissee,Ammer,kammerd3@dedecms.com,Female,12/31/1974
78-5430706,Neal,Attkins,nattkinsd4@businessweek.com,Male,5/20/1988
25-0649358,Jenda,Loynton,jloyntond5@fda.gov,Female,5/17/1961
30-8791304,Katalin,Markushkin,kmarkushkind6@livejournal.com,Female,6/20/1962
53-3716151,Benton,Jamison,bjamisond7@mlb.com,Male,4/4/1971
35-9091467,Edd,Yaakov,eyaakovd8@npr.org,Male,9/4/1994
46-9488381,Curran,Labon,clabond9@e-recht24.de,Male,3/29/1977
82-6004450,Calhoun,Hawker,chawkerda@ca.gov,Male,5/11/2006
34-7966024,Connie,Pocklington,cpocklingtondb@ifeng.com,Female,12/24/1967
88-5609375,Ansell,Bowhey,abowheydc@hugedomains.com,Male,1/16/1969
01-9244598,Minta,Dumbrell,mdumbrelldd@unicef.org,Female,10/2/1960
48-5599494,Wilone,Wozencraft,wwozencraftde@shop-pro.jp,Female,5/3/1970
86-9018496,Gregory,Byrch,gbyrchdf@npr.org,Male,6/22/2003
02-6222965,Rawley,McGreay,rmcgreaydg@cdbaby.com,Male,6/10/1984
36-0910943,Conn,Lunnon,clunnondh@irs.gov,Male,8/12/1978
79-5161824,Doroteya,Hallgate,dhallgatedi@about.com,Female,1/22/1999
77-5386322,Jerrilee,Sleightholme,jsleightholmedj@vimeo.com,Female,4/27/1998
02-8101689,Hadley,Foch,hfochdk@cbslocal.com,Male,2/11/1958
06-9454998,Garald,Scheu,gscheudl@go.com,Male,9/19/1998
92-5411253,Denny,Brobyn,dbrobyndm@go.com,Male,8/7/1999
31-7734662,Lelia,Ackrill,lackrilldn@free.fr,Female,9/22/1990
83-1408951,Crawford,Slewcock,cslewcockdo@squarespace.com,Male,4/20/1973
36-9706927,Dorie,Crawcour,dcrawcourdp@i2i.jp,Male,5/26/1964
52-2968563,Chancey,Wife,cwifedq@merriam-webster.com,Male,11/26/2005
36-3615896,Lance,Pennells,lpennellsdr@wisc.edu,Male,3/24/1983
04-1714921,Neale,Englishby,nenglishbyds@imdb.com,Male,11/3/1985
95-3156863,Maje,Mougeot,mmougeotdt@cmu.edu,Male,10/23/1961
81-6384278,Davin,Dybell,ddybelldu@census.gov,Male,8/8/1984
87-9337495,Guenevere,Riglesford,griglesforddv@berkeley.edu,Female,7/7/1975
19-6074518,Morse,Jantot,mjantotdw@slate.com,Male,3/5/1980
30-9345198,Lynnette,Treslove,ltreslovedx@springer.com,Female,12/6/2002
27-7878017,Claudio,Trickett,ctrickettdy@acquirethisname.com,Male,7/4/1972
17-0055051,Carlin,Vickarman,cvickarmandz@vk.com,Female,7/7/1989
46-5692883,Quint,MacGowing,qmacgowinge0@senate.gov,Male,9/11/1996
28-6561397,Hervey,Marrill,hmarrille1@biglobe.ne.jp,Male,10/1/2003
72-0824288,Nicko,Wolfer,nwolfere2@dailymail.co.uk,Male,12/16/1992
45-6473804,Sophia,Rankcom,srankcome3@google.com.au,Female,6/6/1962
83-2309150,Ora,Palle,opallee4@yellowbook.com,Female,9/4/1965
45-2293216,Arturo,Ren,arene5@gmpg.org,Male,5/19/2003
80-2833267,Northrop,Moules,nmoulese6@wunderground.com,Male,12/30/1977
83-1299618,Adriano,Crookes,acrookese7@over-blog.com,Male,7/13/1992
11-1726663,Blane,Rosina,brosinae8@360.cn,Male,11/29/1984
86-0296193,Myrlene,Crush,mcrushe9@ihg.com,Female,5/26/1970
61-3011803,Darb,Slarke,dslarkeea@hostgator.com,Female,3/26/1978
02-0389063,Malory,Gerardin,mgerardineb@plala.or.jp,Female,3/16/1998
88-5820152,Ruperta,Donegan,rdoneganec@elpais.com,Female,3/10/2002
69-9930112,Cart,Woodhall,cwoodhalled@wisc.edu,Male,2/17/1975
18-6567246,Hana,Gamlyn,hgamlynee@bloglines.com,Female,8/23/1992
71-1360298,Joni,Olerenshaw,jolerenshawef@yahoo.com,Female,8/31/2000
15-2503263,Hertha,Spada,hspadaeg@a8.net,Female,11/25/1966
86-4813192,Ammamaria,Roseby,arosebyeh@tmall.com,Female,12/15/1990
23-5975710,Vanya,Danher,vdanherei@loc.gov,Male,2/8/1971
98-7587267,Mattheus,Osban,mosbanej@cam.ac.uk,Male,6/5/1979
06-1821269,Rose,Coonihan,rcoonihanek@hc360.com,Female,9/14/2000
44-9325903,Bent,Wandrey,bwandreyel@netscape.com,Male,10/3/1992
16-6848652,Martina,Timlin,mtimlinem@cargocollective.com,Female,7/18/1980
17-8472285,Nobe,Chavey,nchaveyen@histats.com,Male,10/5/2007
70-9109185,Rodney,Charlewood,rcharlewoodeo@dyndns.org,Male,8/7/1987
81-1553699,Rafael,Hawyes,rhawyesep@oakley.com,Male,2/21/1992
50-2771131,Calli,Olivo,colivoeq@etsy.com,Female,5/22/1981
67-1407445,Anni,Medling,amedlinger@state.gov,Female,12/3/1980
22-7957277,Berne,Golley,bgolleyes@dagondesign.com,Male,2/29/2000
75-1323930,Kayla,Grinsdale,kgrinsdaleet@ucoz.ru,Female,1/14/1988
42-6131047,Andie,Rupert,aruperteu@hugedomains.com,Male,7/11/1979
75-7110419,Jedidiah,Pawlata,jpawlataev@opera.com,Male,12/18/1960
80-5128071,Heida,Stollenhof,hstollenhofew@cbsnews.com,Female,1/12/1982
12-2786384,Guinna,Howler,ghowlerex@nsw.gov.au,Female,6/30/1960
31-7748604,Cecilla,Larret,clarretey@hao123.com,Female,6/1/1979
00-1403580,Randell,Hagley,rhagleyez@free.fr,Male,1/23/1987
59-7836319,Pooh,Di Bartolommeo,pdibartolommeof0@europa.eu,Female,10/19/1964
33-9605941,Ginevra,Louth,glouthf1@dropbox.com,Female,6/14/1975
95-8470979,Harley,Storkes,hstorkesf2@prweb.com,Female,10/29/1965
49-2753468,Andrus,Maystone,amaystonef3@xinhuanet.com,Male,9/11/1977
79-6004760,Audrie,Tipper,atipperf4@exblog.jp,Female,10/17/1972
53-3923123,Gretta,Trevaskus,gtrevaskusf5@tumblr.com,Female,8/6/1984
95-1662976,Morgan,Kenney,mkenneyf6@ycombinator.com,Male,8/15/1958
25-7305755,Darby,Gwyllt,dgwylltf7@so-net.ne.jp,Male,8/7/1989
01-7644959,Cody,Lenormand,clenormandf8@stanford.edu,Male,12/31/1959
92-0090399,Yolanthe,Bullough,ybulloughf9@tiny.cc,Female,10/1/1988
07-1573948,Rochester,Greenall,rgreenallfa@noaa.gov,Male,2/23/1993
78-1564701,Yardley,Pargetter,ypargetterfb@dion.ne.jp,Male,4/18/1964
75-8315106,Clair,Seatter,cseatterfc@hc360.com,Male,4/6/1987
68-8400304,Noella,Dobbson,ndobbsonfd@prlog.org,Female,8/21/1964
18-2113132,Ernie,Nacey,enaceyfe@princeton.edu,Male,5/20/1996
72-1826390,Celinka,Dislee,cdisleeff@wp.com,Female,4/29/1959
66-8679807,Cloe,Minto,cmintofg@elpais.com,Female,4/13/2000
97-9538635,Ellynn,Gilliam,egilliamfh@bing.com,Female,11/21/1958
37-8173429,Dinah,Feaviour,dfeaviourfi@china.com.cn,Female,10/30/2004
65-5883785,Catriona,Somerton,csomertonfj@mozilla.org,Female,6/3/2008
41-6656380,Gratia,Wiggett,gwiggettfk@loc.gov,Female,3/20/1970
31-2579036,Rodrigo,Leyes,rleyesfl@springer.com,Male,11/18/1998
77-4048130,Jena,Dunlea,jdunleafm@ycombinator.com,Female,5/17/1961
53-4013437,Durward,Kullmann,dkullmannfn@creativecommons.org,Male,5/15/1957
49-7535824,Edy,Lacroix,elacroixfo@harvard.edu,Female,2/8/1983
48-0792830,Susie,Samett,ssamettfp@amazon.co.uk,Female,10/7/1983
09-1789238,Rudyard,Schutze,rschutzefq@howstuffworks.com,Male,7/10/1989
79-8794979,Bentlee,Burkill,bburkillfr@unblog.fr,Male,3/8/2005
81-2473591,Milli,Duham,mduhamfs@gravatar.com,Female,8/17/1957
95-4853008,Manuel,Heijnen,mheijnenft@elegantthemes.com,Male,9/26/2002
58-8894130,Gordan,Pettman,gpettmanfu@comcast.net,Male,1/9/2002
66-8054261,Langsdon,Gilhooley,lgilhooleyfv@technorati.com,Male,11/12/1959
54-2663433,Martin,Bernardini,mbernardinifw@pen.io,Male,3/11/1981
44-7049745,Dolly,Sparway,dsparwayfx@joomla.org,Female,4/7/2002
80-2679082,Yves,Crighten,ycrightenfy@ocn.ne.jp,Male,5/4/1989
36-1370214,Ferrel,Whiten,fwhitenfz@weibo.com,Male,3/13/2003
72-5991285,Philbert,Swepson,pswepsong0@java.com,Male,8/13/2004
77-8023375,Karissa,Ruste,krusteg1@wisc.edu,Female,4/6/1989
49-3110941,Silvan,Broomer,sbroomerg2@mapquest.com,Male,9/19/1972
37-3088532,Nolan,Hawtrey,nhawtreyg3@japanpost.jp,Male,5/19/1993
33-1201312,Ianthe,D'Aulby,idaulbyg4@uol.com.br,Female,3/15/1959
01-9429336,Gideon,Bool,gboolg5@photobucket.com,Male,9/21/1983
60-1651018,Hale,Turnell,hturnellg6@psu.edu,Male,1/22/1974
08-4842682,Hadlee,Thurman,hthurmang7@nationalgeographic.com,Male,6/30/1998
80-5206563,Fielding,Corking,fcorkingg8@google.de,Male,12/14/1999
77-9618274,Deeyn,Elvey,delveyg9@woothemes.com,Female,3/6/1961
16-8864046,Hal,Weavers,hweaversga@acquirethisname.com,Male,10/10/1958
65-5019175,Xerxes,Rourke,xrourkegb@spiegel.de,Male,5/21/1959
00-1429861,Almeta,Coutts,acouttsgc@hao123.com,Female,9/9/1976
53-9621628,Yettie,Vanderplas,yvanderplasgd@foxnews.com,Female,3/18/1978
02-0073428,Avrit,Manueli,amanuelige@purevolume.com,Female,5/22/2004
67-0562402,Sergeant,Ferry,sferrygf@icio.us,Male,3/21/1969
36-7619868,Christian,Carverhill,ccarverhillgg@taobao.com,Male,12/14/1959
47-9009491,Annora,Pottie,apottiegh@indiatimes.com,Female,3/29/1992
67-8373251,Gloria,Riggert,griggertgi@multiply.com,Female,6/10/1983
97-5872851,Dode,Vase,dvasegj@bloglines.com,Female,5/4/2008
11-7631161,Nessi,Reboul,nreboulgk@sfgate.com,Female,1/6/1982
70-3985593,Jermaine,Ianizzi,jianizzigl@last.fm,Female,10/30/1972
17-9372063,Patrizio,Abrahamsohn,pabrahamsohngm@slate.com,Male,12/29/1975
97-4117354,Rodney,Virgin,rvirgingn@networksolutions.com,Male,4/18/1974
72-4598502,Deerdre,Tomovic,dtomovicgo@cnbc.com,Female,7/5/1986
10-8649073,Waldo,Yosselevitch,wyosselevitchgp@sun.com,Male,7/20/1986
39-4540414,Adlai,Barnwille,abarnwillegq@rambler.ru,Male,2/20/1998
55-2981064,Kacey,Maving,kmavinggr@taobao.com,Female,7/4/1986
46-0207601,Blondie,Walewicz,bwalewiczgs@archive.org,Female,8/28/1980
19-2969000,Martelle,Philips,mphilipsgt@newsvine.com,Female,10/21/1965
25-9536537,Herschel,Hardstaff,hhardstaffgu@usda.gov,Male,6/11/1988
63-2691383,Alikee,Raylton,arayltongv@dropbox.com,Female,1/13/1965
14-7240067,Melisande,Pardy,mpardygw@about.me,Female,8/16/1964
77-0130182,Devora,Lewsey,dlewseygx@deliciousdays.com,Female,8/25/1973
69-2855932,Lily,Cancellor,lcancellorgy@youtu.be,Female,12/23/1991
55-0309325,Friederike,Torvey,ftorveygz@a8.net,Female,3/14/1989
12-8356595,Brena,Pumphrey,bpumphreyh0@reuters.com,Female,2/11/1995
40-6787493,Blake,Durden,bdurdenh1@instagram.com,Female,3/26/1975
76-1598212,Camella,Venn,cvennh2@businessweek.com,Female,2/9/1988
93-3438047,Jeni,Jell,jjellh3@nytimes.com,Female,5/7/2004
39-2419862,Raynor,Rickerd,rrickerdh4@networksolutions.com,Male,12/29/1998
71-2787738,Kikelia,Samuel,ksamuelh5@si.edu,Female,7/7/1975
82-1161726,Angelita,Fortin,afortinh6@livejournal.com,Female,1/29/1998
40-4826123,Odelinda,Delort,odelorth7@accuweather.com,Female,2/19/1989
95-1994616,Lief,Merrison,lmerrisonh8@plala.or.jp,Male,6/11/1994
57-6037901,Witty,Ody,wodyh9@typepad.com,Male,10/11/1960
36-3480118,Rabbi,Netley,rnetleyha@umich.edu,Male,6/27/1998
62-9352425,Miguela,Oaker,moakerhb@timesonline.co.uk,Female,11/24/2008
79-6545936,Tiffany,Dumbarton,tdumbartonhc@zdnet.com,Female,12/5/1993
71-8978220,Bond,Rooksby,brooksbyhd@google.com.au,Male,4/10/2000
90-9509654,Ad,Luggar,aluggarhe@livejournal.com,Male,3/29/1963
02-3675701,Stefa,Glasbey,sglasbeyhf@google.de,Female,3/13/1998
21-4635830,Catha,Honig,chonighg@qq.com,Female,1/16/1971
46-0085020,Joann,Servante,jservantehh@spiegel.de,Female,3/4/1958
82-3863810,Rosita,Chape,rchapehi@cnbc.com,Female,2/21/1994
89-0542250,Tim,Gypson,tgypsonhj@dmoz.org,Male,1/20/1957
04-5567157,Elvyn,Munn,emunnhk@netscape.com,Male,5/9/1990
94-3768332,Art,Wasbrough,awasbroughhl@sphinn.com,Male,3/8/1965
58-7354312,Cecilla,Boyfield,cboyfieldhm@miitbeian.gov.cn,Female,12/18/1994
63-2038622,Adriana,Maass,amaasshn@exblog.jp,Female,7/14/1975
78-2399524,Ronny,Antonignetti,rantonignettiho@who.int,Male,4/3/1985
46-0567087,Maximilianus,Brailsford,mbrailsfordhp@netlog.com,Male,12/23/1998
14-0719936,Alastair,Quick,aquickhq@ustream.tv,Male,10/27/1976
89-0052300,Betty,Girardetti,bgirardettihr@wunderground.com,Female,8/30/1985
03-8925905,Garrik,Badham,gbadhamhs@microsoft.com,Male,11/27/1976
96-5344701,Jaye,Trevarthen,jtrevarthenht@digg.com,Male,7/21/1962
67-4091767,Sigfried,Pieter,spieterhu@hhs.gov,Male,7/7/1995
25-5363524,Ash,Grece,agrecehv@virginia.edu,Male,12/23/1987
77-5098434,Nat,Serle,nserlehw@wp.com,Female,8/19/2004
07-7485210,Chester,Oldam,coldamhx@google.co.uk,Male,5/11/1999
54-8829618,Ruth,Meadmore,rmeadmorehy@ucsd.edu,Female,11/10/1962
65-5267950,Ethelin,Padson,epadsonhz@google.ca,Female,4/29/1999
67-3614294,Annalise,Mignot,amignoti0@who.int,Female,3/19/1981
91-6416155,Amery,Wedge,awedgei1@livejournal.com,Male,6/18/1967
67-6643545,Gisella,Beachem,gbeachemi2@clickbank.net,Female,5/29/1959
72-1656542,Arabel,Royds,aroydsi3@multiply.com,Female,6/28/1977
60-2221247,Piotr,Tibb,ptibbi4@ihg.com,Male,2/22/1987
21-9165874,Ines,Metts,imettsi5@w3.org,Female,9/20/1962
47-7615839,Therese,Shawl,tshawli6@ed.gov,Female,5/23/2007
79-2480595,Lucais,Lindup,llindupi7@netvibes.com,Male,1/10/1995
08-8937581,Gaelan,Donaghie,gdonaghiei8@de.vu,Male,9/17/1972
45-7901221,Dag,Fraczak,dfraczaki9@google.ru,Male,2/12/1970
84-3021509,Adella,Pithcock,apithcockia@wired.com,Female,3/31/1998
86-3048699,Cathe,Sunter,csunterib@feedburner.com,Female,10/13/1960
74-9289759,Keslie,Assante,kassanteic@networksolutions.com,Female,11/19/1980
87-8955244,Montgomery,Keuneke,mkeunekeid@blogs.com,Male,7/25/1987
11-7146480,Annamaria,Minelli,aminelliie@google.co.jp,Female,1/20/1980
62-5783975,Fayre,Offiler,foffilerif@people.com.cn,Female,12/5/1964
44-3396201,Marga,Frankton,mfranktonig@delicious.com,Female,12/14/1989
60-2637332,Carine,Vignal,cvignalih@nhs.uk,Female,10/23/1999
26-4944035,Hamnet,Smethurst,hsmethurstii@oracle.com,Male,4/17/1988
59-9169489,Lynsey,Loeber,lloeberij@sfgate.com,Female,6/25/1991
17-6378642,Olivero,Lechmere,olechmereik@fda.gov,Male,3/7/1978
54-8768531,Emelia,Brennans,ebrennansil@springer.com,Female,5/13/1979
36-4285909,Kiri,Gaddie,kgaddieim@youku.com,Female,8/13/1989
95-6516733,Nola,Pinnijar,npinnijarin@nih.gov,Female,1/19/1963
18-1739288,Kent,Ales,kalesio@privacy.gov.au,Male,5/28/1975
23-6554615,Verile,Titman,vtitmanip@cloudflare.com,Female,2/12/1995
27-7242507,Karine,Davidwitz,kdavidwitziq@list-manage.com,Female,8/26/2002
45-8318146,Aubine,Coan,acoanir@macromedia.com,Female,8/17/2003
92-1851330,Tatiania,MacFadyen,tmacfadyenis@skyrock.com,Female,11/20/1987
55-5818860,Elmer,Stainsby,estainsbyit@ycombinator.com,Male,3/28/1971
45-1083241,Paddy,Ramel,prameliu@histats.com,Male,9/3/1957
23-0773451,Glenna,Magrannell,gmagrannelliv@alexa.com,Female,1/8/1995
18-1678446,Meriel,Toth,mtothiw@yandex.ru,Female,8/16/1997
01-5686191,Maryann,Pittwood,mpittwoodix@yolasite.com,Female,12/5/1998
26-4151229,Dulce,Sillwood,dsillwoodiy@cdbaby.com,Female,3/27/1995
56-9991413,Brenna,Toffalo,btoffaloiz@is.gd,Female,11/24/1988
34-1199244,Sanderson,McSherry,smcsherryj0@ifeng.com,Male,10/8/1973
12-9974469,Tedie,Jorez,tjorezj1@reddit.com,Male,11/5/1972
87-4745673,Stesha,Rennick,srennickj2@wikia.com,Female,9/29/1994
63-5335679,Ester,Szymanowski,eszymanowskij3@pinterest.com,Female,4/23/2003
61-2564642,Euphemia,McErlaine,emcerlainej4@ucoz.ru,Female,6/4/1996
42-7577505,Cris,Kenzie,ckenziej5@liveinternet.ru,Female,4/16/2002
64-8520694,Delmore,Borres,dborresj6@census.gov,Male,5/23/1994
19-5481170,Claudelle,Lowe,clowej7@twitpic.com,Female,3/11/2003
25-9150326,Denise,Herrero,dherreroj8@nba.com,Female,1/30/1963
78-3982100,Olva,Fenelow,ofenelowj9@t.co,Female,7/31/1988
40-1000590,Pansie,Siman,psimanja@unblog.fr,Female,1/10/1969
65-8353411,Claudia,Gillott,cgillottjb@opensource.org,Female,5/19/1970
74-0957703,Bay,Kares,bkaresjc@walmart.com,Male,4/27/1969
73-9221311,Mab,Reinbeck,mreinbeckjd@google.it,Female,4/24/1986
74-8131380,Valene,Tinton,vtintonje@mozilla.org,Female,2/24/2001
40-9943764,Walton,Davidofski,wdavidofskijf@statcounter.com,Male,8/24/2001
72-1998300,Sanford,Mars,smarsjg@usa.gov,Male,5/6/1995
22-3767496,Adler,Guiett,aguiettjh@rakuten.co.jp,Male,8/23/1973
24-9883832,Walden,Crimp,wcrimpji@nps.gov,Male,4/6/1988
48-4512303,North,Yanyshev,nyanyshevjj@feedburner.com,Male,6/26/1964
80-8089052,Kennedy,Furney,kfurneyjk@reuters.com,Male,8/26/1987
21-0031871,Kerry,Durrington,kdurringtonjl@twitpic.com,Female,7/25/2008
38-7546647,Peg,Hasney,phasneyjm@biglobe.ne.jp,Female,3/11/1965
60-0263427,Quinton,Springtorp,qspringtorpjn@oakley.com,Male,8/24/2002
79-8171451,Nani,Avraam,navraamjo@flavors.me,Female,5/19/1998
14-8763977,Shelley,Barkway,sbarkwayjp@theatlantic.com,Male,11/25/1965
89-6803618,Eloise,Carriage,ecarriagejq@webmd.com,Female,6/13/1966
35-0783571,Evan,Rigate,erigatejr@oracle.com,Male,8/25/1991
37-6902259,Eustace,Wilshire,ewilshirejs@vk.com,Male,12/1/1984
05-1372461,Jocelyn,Adlem,jadlemjt@github.io,Female,1/18/2008
29-9094047,Ole,Brunicke,obrunickeju@biglobe.ne.jp,Male,7/18/2003
00-4608033,Kathye,Gregersen,kgregersenjv@techcrunch.com,Female,8/9/2007
97-5644919,Rikki,Gerrelt,rgerreltjw@cornell.edu,Male,2/28/1993
52-7990737,Evania,Ivanenko,eivanenkojx@theglobeandmail.com,Female,3/24/1977
84-8318426,Mata,Kensy,mkensyjy@wordpress.com,Male,10/30/1977
48-0378210,Hurlee,Fowkes,hfowkesjz@bing.com,Male,6/19/1982
06-9228644,Tobe,Roden,trodenk0@netvibes.com,Female,7/6/1958
40-2961190,Kristo,Fenwick,kfenwickk1@amazon.de,Male,9/15/1994
54-0386910,Jocelin,Husset,jhussetk2@newsvine.com,Female,4/4/1973
80-6221365,Amos,Eckly,aecklyk3@hud.gov,Male,5/17/1960
94-0748645,Harmonie,Corsor,hcorsork4@va.gov,Female,8/5/1987
95-5853669,Jody,Pitchford,jpitchfordk5@illinois.edu,Female,11/2/1996
84-0797632,Deva,Gallyon,dgallyonk6@dion.ne.jp,Female,10/3/1991
10-1185384,Marcos,Cannan,mcannank7@wikimedia.org,Male,8/12/1961
46-0878057,Tarrance,Jephcott,tjephcottk8@sitemeter.com,Male,6/2/1958
38-9419689,Lammond,Clarey,lclareyk9@quantcast.com,Male,1/18/2006
85-7881979,Franz,Rome,fromeka@spotify.com,Male,8/10/2007
23-5993334,Waylan,Gethings,wgethingskb@exblog.jp,Male,11/18/1986
88-3361975,Stavros,Parmenter,sparmenterkc@ibm.com,Male,9/7/1958
96-7790314,Veronica,Joy,vjoykd@edublogs.org,Female,11/23/2007
86-3949730,Chrisse,Challis,cchalliske@ezinearticles.com,Male,7/4/1960
42-0693605,Elfie,Beglin,ebeglinkf@ehow.com,Female,4/1/1996
67-9977975,Tessy,Cayzer,tcayzerkg@jalbum.net,Female,11/11/1967
77-4843288,Lorri,Bennell,lbennellkh@ocn.ne.jp,Female,11/24/1976
55-2294062,Elisabet,Sarah,esarahki@upenn.edu,Female,5/30/1986
38-3802979,Torre,Siddall,tsiddallkj@sakura.ne.jp,Male,3/12/2004
43-3692097,Lorin,Whiston,lwhistonkk@google.com,Male,1/21/1991
81-7336232,Rudiger,Rossander,rrossanderkl@fema.gov,Male,5/11/1983
07-2344528,Carlie,Robinet,crobinetkm@smugmug.com,Male,2/8/2001
93-3157553,Kiley,Purbrick,kpurbrickkn@ucoz.ru,Male,7/11/2002
95-6667449,Eveline,Swiffen,eswiffenko@tripadvisor.com,Female,10/10/1988
79-7249954,Cordy,Blasgen,cblasgenkp@telegraph.co.uk,Male,4/10/1965
98-5863940,Alwin,Martusewicz,amartusewiczkq@netscape.com,Male,6/30/1964
58-5259386,Antin,Melmeth,amelmethkr@stumbleupon.com,Male,3/24/1979
16-3131766,Myrna,Yanshinov,myanshinovks@tuttocitta.it,Female,11/14/1961
67-7555620,Hanan,Archell,harchellkt@washington.edu,Male,5/27/1981
42-6966400,Georgy,Starrs,gstarrsku@xing.com,Male,7/12/1966
11-1633532,Sayers,Drewet,sdrewetkv@wsj.com,Male,12/9/2001
33-6566151,Meryl,Bilt,mbiltkw@slashdot.org,Female,1/26/1978
62-5518706,Bat,La Grange,blagrangekx@cdbaby.com,Male,3/26/1992
91-5453043,Erl,Valentin,evalentinky@irs.gov,Male,10/1/1958
93-6419148,Aguste,Burcher,aburcherkz@miitbeian.gov.cn,Male,4/21/1967
94-9320402,Jordan,Fennick,jfennickl0@google.pl,Female,2/9/1968
12-0856407,Elena,Allsopp,eallsoppl1@taobao.com,Female,2/10/2004
71-5139949,Rora,Fell,rfelll2@skype.com,Female,5/12/1990
11-8703806,Cordie,Eaglesham,ceagleshaml3@disqus.com,Female,5/7/1988
84-7372637,Wilek,Croney,wcroneyl4@rakuten.co.jp,Male,3/12/1981
54-3512765,Paxon,Calloway,pcallowayl5@forbes.com,Male,10/15/2008
95-1942483,Ileana,Blackie,iblackiel6@wiley.com,Female,5/4/1958
21-3848862,Bella,Allum,balluml7@umich.edu,Female,9/19/1977
93-1943550,Nick,McGawn,nmcgawnl8@linkedin.com,Male,8/22/1961
33-2110325,Lanae,Szimoni,lszimonil9@friendfeed.com,Female,10/6/2004
29-0159187,Gretel,Southcombe,gsouthcombela@discuz.net,Female,7/25/1990
31-9704324,Pincas,Eadmeades,peadmeadeslb@hexun.com,Male,4/9/1972
78-1630911,Harcourt,D'Alesio,hdalesiolc@hp.com,Male,8/29/1988
79-5047022,Vite,Cornelisse,vcornelisseld@auda.org.au,Male,5/27/1959
01-5534452,Jinny,Ogilby,jogilbyle@redcross.org,Female,9/16/2000
15-6033119,Hewet,Guise,hguiself@1und1.de,Male,2/7/1966
69-9366721,Marysa,Letertre,mletertrelg@networkadvertising.org,Female,2/22/2000
87-2822867,Nil,Evelyn,nevelynlh@cargocollective.com,Male,10/5/1959
71-2999659,Nealy,Bartholomaus,nbartholomausli@economist.com,Male,9/18/1984
36-2849976,Denys,Elis,delislj@devhub.com,Male,9/6/1967
52-7339825,Armand,Hanselmann,ahanselmannlk@privacy.gov.au,Male,5/11/1977
69-4937052,Patti,Muttitt,pmuttittll@ycombinator.com,Female,3/12/1980
99-1282089,Nerti,Mitchiner,nmitchinerlm@ucoz.ru,Female,3/20/1966
67-3446667,Enriqueta,Dewfall,edewfallln@wiley.com,Female,9/9/1975
98-8761971,Stoddard,Boscher,sboscherlo@mac.com,Female,3/7/1977
76-0103292,Rowland,McGuggy,rmcguggylp@taobao.com,Male,6/6/1995
06-2790577,Shamus,Glavin,sglavinlq@fema.gov,Male,2/27/1997
07-6065266,Agatha,Petrelluzzi,apetrelluzzilr@symantec.com,Female,6/17/1959
74-4843907,Caro,Auletta,caulettals@zdnet.com,Female,9/20/1968
21-2029497,Vanda,Mille,vmillelt@toplist.cz,Female,2/8/2005
71-4091689,Keir,Spensley,kspensleylu@japanpost.jp,Male,4/20/2003
16-1974056,Myca,Rangeley,mrangeleylv@last.fm,Male,11/20/1981
86-3924690,Leann,Cowely,lcowelylw@stanford.edu,Female,1/18/1961
85-9891339,Kendra,Axup,kaxuplx@twitpic.com,Female,9/25/1981
90-4203756,Edmon,Capon,ecaponly@surveymonkey.com,Male,8/11/1974
88-4097087,Rozalie,Goodyer,rgoodyerlz@tripod.com,Female,11/23/1985
60-4744658,Kerwin,Wiltshire,kwiltshirem0@archive.org,Male,6/12/1991
58-4625646,Joly,Kelinge,jkelingem1@multiply.com,Female,6/26/2002
72-8255457,Bobbie,Burden,bburdenm2@1688.com,Male,10/23/1980
24-3934756,Thorsten,Brookson,tbrooksonm3@etsy.com,Male,8/28/1985
24-3907538,Alfreda,Corley,acorleym4@fastcompany.com,Female,4/23/1985
54-1182290,Whitman,Cortez,wcortezm5@spotify.com,Male,3/6/1982
92-4199443,Marleen,Forth,mforthm6@purevolume.com,Female,6/29/1987
86-9741668,Archibald,Maltster,amaltsterm7@hhs.gov,Male,11/12/2005
44-1149218,Tammy,McEniry,tmcenirym8@list-manage.com,Male,3/23/1973
45-2719254,Antonin,Prall,aprallm9@vk.com,Male,7/19/1974
36-4870254,Dun,Casaro,dcasaroma@seattletimes.com,Male,3/12/1978
58-4879284,Junette,Moubray,jmoubraymb@histats.com,Female,8/3/1958
04-8766180,Lorena,Chipping,lchippingmc@technorati.com,Female,5/10/1986
74-4061767,Vassily,Giffon,vgiffonmd@ask.com,Male,9/18/2001
98-6045679,Baird,Loney,bloneyme@dropbox.com,Male,8/27/1976
64-0387178,Vernen,Tabb,vtabbmf@naver.com,Male,8/24/1979
55-2862588,Emelda,Coverley,ecoverleymg@ning.com,Female,3/25/1980
40-4367919,Fran,Bariball,fbariballmh@rakuten.co.jp,Female,9/18/1998
21-1391732,Felisha,Degnen,fdegnenmi@i2i.jp,Female,2/17/2001
91-3574367,Mirna,Moreing,mmoreingmj@va.gov,Female,2/22/1989
31-8665435,Teddie,Ghion,tghionmk@godaddy.com,Male,9/15/1976
45-5593762,Ben,Bauser,bbauserml@lulu.com,Male,12/11/1992
11-0422589,Mirelle,Danilchenko,mdanilchenkomm@paginegialle.it,Female,7/9/1966
00-2144806,Fredericka,Vasilchenko,fvasilchenkomn@google.es,Female,10/31/1984
91-2851555,Boycie,Dufton,bduftonmo@blog.com,Male,1/16/1991
72-1651826,Karon,Jellicorse,kjellicorsemp@purevolume.com,Female,12/18/1990
43-8036270,Reuben,Guild,rguildmq@twitter.com,Male,8/18/1975
83-8698520,Jock,Earnshaw,jearnshawmr@google.pl,Male,7/29/1981
82-0970221,Camellia,O'Carran,cocarranms@umn.edu,Female,4/10/1981
32-9594621,Moria,Holsey,mholseymt@privacy.gov.au,Female,8/12/1976
16-2315017,Tallie,Denham,tdenhammu@jiathis.com,Female,11/7/2004
89-0998676,Cosmo,Giovannacci,cgiovannaccimv@nymag.com,Male,6/11/1988
30-6099100,Birk,Dyble,bdyblemw@myspace.com,Male,2/15/1976
59-8923343,Augustine,Carbett,acarbettmx@domainmarket.com,Male,12/1/1978
91-8371507,Casar,Hannam,channammy@nba.com,Male,10/10/1993
76-0619955,Peterus,Elan,pelanmz@shutterfly.com,Male,12/17/1960
06-6959963,Gearard,Conew,gconewn0@statcounter.com,Male,4/9/1985
83-8397867,Sidney,Ferns,sfernsn1@hexun.com,Male,8/15/1960
82-5376679,Filia,Whiteman,fwhitemann2@europa.eu,Female,1/4/1986
60-3935871,Nisse,Gethen,ngethenn3@opensource.org,Female,6/4/1974
93-3228507,Freddie,Perrinchief,fperrinchiefn4@joomla.org,Female,4/10/1969
26-7361832,Raf,Hankard,rhankardn5@phpbb.com,Female,4/12/1970
07-8477832,Winni,Paine,wpainen6@nytimes.com,Female,1/8/1969
05-4257041,Enid,Reynish,ereynishn7@xing.com,Female,8/18/1987
34-2903426,Erin,Ablewhite,eablewhiten8@yale.edu,Male,10/7/1992
91-1579811,Manda,Couronne,mcouronnen9@google.nl,Female,11/21/2004
84-7736648,Barbaraanne,Rubertis,brubertisna@google.com.hk,Female,4/7/1969
43-5562175,Queenie,Manvelle,qmanvellenb@tiny.cc,Female,12/30/1989
50-1826672,Sheilakathryn,Dikelin,sdikelinnc@latimes.com,Female,8/23/1988
20-7050446,Dylan,Dunrige,ddunrigend@utexas.edu,Male,9/28/1960
57-4481843,Nataline,Keyte,nkeytene@latimes.com,Female,12/30/2000
54-2230518,Bert,Wartonby,bwartonbynf@kickstarter.com,Female,6/12/2002
05-4124128,Karlee,Algeo,kalgeong@wikispaces.com,Female,4/20/1986
16-2276401,Sayres,Riedel,sriedelnh@live.com,Male,2/9/2002
41-2363067,Marcela,Gallager,mgallagerni@cornell.edu,Female,10/26/1996
49-9096161,Stanwood,Milham,smilhamnj@wikispaces.com,Male,11/29/1998
51-2691493,Brady,Bodicum,bbodicumnk@utexas.edu,Male,4/8/1981
33-1233259,Marlow,Dank,mdanknl@phoca.cz,Male,10/10/1967
52-6220826,Daniella,King,dkingnm@elegantthemes.com,Female,7/1/1980
83-7703767,Noll,Schrir,nschrirnn@topsy.com,Male,10/30/1968
26-9887819,Preston,Zum Felde,pzumfeldeno@mail.ru,Male,5/23/1985
53-5629315,Waylin,Klaffs,wklaffsnp@mashable.com,Male,11/24/1979
24-9424691,York,Ballister,yballisternq@harvard.edu,Male,12/3/2006
39-3639789,Fonz,Coltman,fcoltmannr@uiuc.edu,Male,9/16/1975
04-7947923,Morgen,Werrilow,mwerrilowns@youtu.be,Male,3/19/2001
41-2651000,Emile,Clunie,eclunient@google.co.jp,Male,9/25/1997
49-5063386,Jourdan,Money,jmoneynu@dailymotion.com,Female,8/26/1980
94-1634371,Selma,Giacomi,sgiacominv@i2i.jp,Female,5/8/1971
79-4411959,Trent,Winton,twintonnw@digg.com,Male,8/8/1991
15-8194139,Ikey,Sudron,isudronnx@instagram.com,Male,9/24/2001
94-8692690,Idaline,Unger,iungerny@ca.gov,Female,4/2/1963
59-7495449,Libbi,Pandey,lpandeynz@auda.org.au,Female,5/31/1989
04-9315015,Angie,Tunnah,atunnaho0@berkeley.edu,Male,3/22/1980
05-4958476,Pierce,Geraldi,pgeraldio1@blog.com,Male,10/18/1970
81-5204268,Alyce,Sibille,asibilleo2@china.com.cn,Female,2/4/1999
18-9537961,Janis,Dono,jdonoo3@ibm.com,Female,7/26/1991
01-4596917,Fina,Barthrop,fbarthropo4@indiatimes.com,Female,12/2/1993
85-2792513,Maximilien,Gilmore,mgilmoreo5@printfriendly.com,Male,2/13/1966
06-4031759,Grannie,Allitt,gallitto6@yahoo.co.jp,Male,8/4/1994
32-0759973,Sarge,McLise,smcliseo7@constantcontact.com,Male,7/1/1977
97-6275021,Grant,Benzie,gbenzieo8@wix.com,Male,9/14/1973
09-9767202,Salem,Clouter,scloutero9@facebook.com,Male,3/22/2001
89-1098598,Norman,Humphrey,nhumphreyoa@booking.com,Male,7/5/1963
20-2128230,Shepherd,Teasdale-Markie,steasdalemarkieob@topsy.com,Male,4/1/1976
09-3821512,Liza,Simonetto,lsimonettooc@ihg.com,Female,8/5/1994
64-1873922,Ellwood,Geldeford,egeldefordod@whitehouse.gov,Male,12/23/2007
86-0673866,Megan,Tinkler,mtinkleroe@4shared.com,Female,11/24/1987
75-4639945,Jody,Timmons,jtimmonsof@liveinternet.ru,Male,3/11/1965
48-0678917,Kalie,McOrkil,kmcorkilog@msu.edu,Female,9/10/1989
11-6019774,Robinette,Yashnov,ryashnovoh@yandex.ru,Female,12/17/1993
98-3409577,Klement,Loy,kloyoi@amazon.com,Male,12/4/1972
94-3586293,Vinny,Pittson,vpittsonoj@friendfeed.com,Female,3/27/1995
36-8834993,Chancey,Leedal,cleedalok@xing.com,Male,2/27/1970
65-7230994,Dom,Yashnov,dyashnovol@i2i.jp,Male,12/17/1965
70-2250707,Brendin,Kenealy,bkenealyom@eventbrite.com,Male,2/14/1976
78-1450280,Blinni,Woodson,bwoodsonon@youtube.com,Female,12/11/1989
64-5813690,Gary,Cords,gcordsoo@cloudflare.com,Male,6/19/1979
08-4588662,Dionis,Dies,ddiesop@harvard.edu,Female,12/19/2004
99-6592513,Dario,Hartshorn,dhartshornoq@adobe.com,Male,11/29/1999
30-8720939,Ashli,Spellman,aspellmanor@bizjournals.com,Female,1/7/2001
85-8903482,Wiley,Barette,wbaretteos@webmd.com,Male,3/22/1994
05-2429293,Lemuel,Burkman,lburkmanot@usnews.com,Male,9/13/1975
14-6766259,Erina,Damp,edampou@furl.net,Female,5/9/1987
76-4526125,Ciro,Randell,crandellov@jiathis.com,Male,2/28/1988
29-0279248,Selby,Persent,spersentow@51.la,Male,9/7/1990
16-2838106,Godwin,McFarland,gmcfarlandox@examiner.com,Male,8/22/1969
49-4557701,Phyllis,Skakunas,pskakunasoy@4shared.com,Female,1/20/2004
67-3248078,Burch,Houldcroft,bhouldcroftoz@webnode.com,Male,11/5/1986
56-7389824,Jacklyn,Noblett,jnoblettp0@ustream.tv,Female,11/28/1990
89-0918908,Peggie,Whelpdale,pwhelpdalep1@mysql.com,Female,7/24/2001
06-0297164,Lib,Janca,ljancap2@amazon.co.jp,Female,12/7/1995
72-1671351,Harlin,Redemile,hredemilep3@yale.edu,Male,1/23/1980
86-3817404,Jefferson,Lerven,jlervenp4@github.io,Male,11/25/1998
76-8347081,Dom,Cradoc,dcradocp5@cyberchimps.com,Male,4/8/1961
95-2652745,Jess,Gatenby,jgatenbyp6@over-blog.com,Female,3/24/2004
73-7759770,Lem,Tine,ltinep7@1und1.de,Male,2/21/1997
20-9475438,Verney,Peart,vpeartp8@simplemachines.org,Male,8/18/1999
83-5926080,Milzie,Mair,mmairp9@webnode.com,Female,2/16/1964
99-2551966,Gilligan,Philimore,gphilimorepa@slate.com,Female,12/14/1987
19-2070886,Gherardo,Stollery,gstollerypb@archive.org,Male,11/2/1963
43-4720268,Kingsly,Tubble,ktubblepc@nationalgeographic.com,Male,12/16/1998
72-6743077,Giulio,Bruinsma,gbruinsmapd@themeforest.net,Male,8/20/2000
75-6466018,Hillard,Santry,hsantrype@slashdot.org,Male,5/20/1996
04-7547808,Livvyy,Kop,lkoppf@msu.edu,Female,6/9/1990
14-7683668,Royce,Grahl,rgrahlpg@dropbox.com,Male,6/14/1980
60-1644427,Lorna,Goggey,lgoggeyph@mashable.com,Female,6/9/1968
52-2924134,Kevon,Blezard,kblezardpi@blogtalkradio.com,Male,3/6/1995
66-0203926,Wells,O' Flaherty,woflahertypj@sbwire.com,Male,6/3/2006
61-2404179,Skipper,Jeacocke,sjeacockepk@odnoklassniki.ru,Male,11/28/1980
06-3504602,Issie,Garnar,igarnarpl@storify.com,Female,4/30/1971
17-7226427,Archer,Dudenie,adudeniepm@vkontakte.ru,Male,9/8/2005
93-8825897,Shannan,Verrall,sverrallpn@fc2.com,Male,10/30/1995
41-9929594,Karita,Matushevitz,kmatushevitzpo@posterous.com,Female,12/19/1988
69-2128851,Valentin,Ales0,valespp@cpanel.net,Male,2/22/1986
08-5484202,Lizabeth,Mollison,lmollisonpq@qq.com,Female,11/9/1997
10-7374634,Godard,Chittock,gchittockpr@gravatar.com,Male,8/24/2000
30-7244352,Bobbee,McClaren,bmcclarenps@cbsnews.com,Female,6/10/1978
12-9242914,Brandy,Donohue,bdonohuept@seesaa.net,Male,8/5/1998
85-7391595,Grace,Nanninini,gnannininipu@ca.gov,Male,7/10/1969
74-7826577,Raddie,Maestrini,rmaestrinipv@amazon.co.uk,Male,12/8/1997
03-6547417,Kean,Whapple,kwhapplepw@t.co,Male,7/26/1991
12-7988205,Sabine,Connechie,sconnechiepx@dion.ne.jp,Female,9/16/1963
73-5618245,Pauline,Paintain,ppaintainpy@examiner.com,Female,5/23/1967
06-3738650,Minni,Suart,msuartpz@ihg.com,Female,1/21/1968
65-4988781,Hammad,Iannello,hiannelloq0@wsj.com,Male,4/7/1977
17-2498084,Bertina,Whartonby,bwhartonbyq1@opensource.org,Female,5/18/1972
81-5980640,Tammie,Lenglet,tlengletq2@hugedomains.com,Male,7/18/1970
30-5224850,Fritz,Doxey,fdoxeyq3@tinyurl.com,Male,8/28/2000
15-5794686,Zedekiah,Oldis,zoldisq4@1688.com,Male,1/27/1993
97-7093015,Rainer,Bantham,rbanthamq5@goodreads.com,Male,6/16/1986
95-2723492,Dulcia,Macken,dmackenq6@simplemachines.org,Female,9/10/2006
99-0487198,Kass,Dorgan,kdorganq7@tinypic.com,Female,5/27/1957
64-8324971,Justus,Hambribe,jhambribeq8@cnn.com,Male,8/26/1987
05-5589842,Waiter,Butteris,wbutterisq9@booking.com,Male,12/15/2001
08-3563031,Cosme,Studdert,cstuddertqa@jiathis.com,Male,7/28/1961
56-4615925,Gram,Alman,galmanqb@de.vu,Male,8/2/1967
48-4169981,Silvana,Dumini,sduminiqc@yellowbook.com,Female,9/6/2001
20-1835902,Helen-elizabeth,Haily,hhailyqd@tripadvisor.com,Female,3/4/1987
97-6116917,Devonne,Peppard,dpeppardqe@ifeng.com,Female,6/21/1957
09-0609723,Alyosha,Hussell,ahussellqf@cloudflare.com,Male,11/14/1982
90-2149017,Tabby,Currum,tcurrumqg@edublogs.org,Female,5/6/1978
93-9707734,Russ,Lombardo,rlombardoqh@auda.org.au,Male,11/20/1981
86-9487417,Sergio,Ledrane,sledraneqi@dmoz.org,Male,1/10/1962
68-3622661,Westleigh,Walenta,wwalentaqj@twitpic.com,Male,6/13/1982
42-8781007,Cullie,Hamblin,chamblinqk@skyrock.com,Male,10/7/1965
26-2002204,Elsbeth,Popham,epophamql@arizona.edu,Female,1/17/1984
40-2957394,Evin,Richarz,ericharzqm@51.la,Male,6/29/2008
10-9145898,Betta,Gatheral,bgatheralqn@constantcontact.com,Female,1/1/2008
96-6446154,Lucille,Cafferty,lcaffertyqo@pbs.org,Female,5/3/1970
12-0437535,Norbie,Gornall,ngornallqp@geocities.jp,Male,11/12/2002
34-1088140,Retha,Wear,rwearqq@plala.or.jp,Female,11/2/1992
04-7318491,Bartolemo,Kelemen,bkelemenqr@de.vu,Male,9/29/1986
55-5733013,Frederick,Tollerfield,ftollerfieldqs@nba.com,Male,5/17/1994
26-1383430,Buck,McCloy,bmccloyqt@google.fr,Male,11/22/1978
12-1061754,Roxy,Caddy,rcaddyqu@ameblo.jp,Female,8/23/1988
62-1688935,Phoebe,Bavister,pbavisterqv@smugmug.com,Female,1/13/1967
86-3949993,Reeta,Wittering,rwitteringqw@trellian.com,Female,7/2/1995
30-1400865,Ann,Ludwig,aludwigqx@g.co,Female,9/26/2000
35-8393194,Gracie,Manicom,gmanicomqy@amazon.co.uk,Female,5/12/1993
98-9072791,Welbie,Hawkshaw,whawkshawqz@yellowpages.com,Male,12/21/1968
06-7938732,Jasen,Gauntley,jgauntleyr0@linkedin.com,Male,6/29/1961
15-5451102,Theodoric,Comini,tcominir1@nps.gov,Male,1/24/1978
49-0945203,Heath,Ivatt,hivattr2@nsw.gov.au,Male,7/23/1993
54-7465040,Josias,Meech,jmeechr3@ftc.gov,Male,3/24/1978
85-7361740,Shayne,Dunabie,sdunabier4@tmall.com,Female,1/24/1967
75-4872569,Tallia,O'Dennehy,todennehyr5@alexa.com,Female,3/12/1967
39-7339288,Catharine,Faircley,cfaircleyr6@hc360.com,Female,4/9/1993
05-4504990,Levon,Lanaway,llanawayr7@slate.com,Male,11/23/1974
62-3105010,Kennedy,Admans,kadmansr8@sphinn.com,Male,12/18/1988
62-7843063,Rustin,Bemment,rbemmentr9@chron.com,Male,3/22/1966
98-3777886,Rodrigo,Labroue,rlabrouera@google.it,Male,4/11/1969
03-4964613,Frederigo,Netti,fnettirb@ed.gov,Male,9/1/1966
20-8826834,Gualterio,Shorten,gshortenrc@studiopress.com,Male,11/24/1966
76-1728928,Aurelia,Evelyn,aevelynrd@bloglovin.com,Female,11/29/1959
98-0760160,Claybourne,Hurford,churfordre@economist.com,Male,12/29/2003
90-4265989,Gearalt,Oneil,goneilrf@slate.com,Male,12/18/1968
30-1097267,Melitta,Bierling,mbierlingrg@friendfeed.com,Female,1/10/1999
43-0076754,Harlie,Shewry,hshewryrh@tamu.edu,Female,6/26/1992
60-2859993,Jerrie,Holligan,jholliganri@businessweek.com,Female,11/13/1983
30-4924936,Mercy,Harwick,mharwickrj@devhub.com,Female,7/9/2001
01-2729859,Betti,Haydon,bhaydonrk@accuweather.com,Female,12/30/1989
73-6620981,Rivi,Dorney,rdorneyrl@tinyurl.com,Female,9/3/1977
74-1827988,Stanwood,Bisatt,sbisattrm@desdev.cn,Male,7/26/1973
01-7170802,Giavani,Janowicz,gjanowiczrn@rediff.com,Male,8/27/1994
30-9560363,Demetra,Blythin,dblythinro@mashable.com,Female,10/5/1967
43-0430140,Sissy,Godard,sgodardrp@ask.com,Female,7/25/1997
84-0147088,Krisha,Mackrell,kmackrellrq@who.int,Male,3/11/1960
00-9741338,Danell,Shambrooke,dshambrookerr@altervista.org,Female,6/30/1971
