id,first_name,last_name,email,gender,birthdate
18-2959973,Sibbie,Crawford,scrawford0@squarespace.com,Female,9/20/1968
26-9517148,Inessa,Reape,ireape1@linkedin.com,Female,1/14/1989
02-9110605,Rowen,Burbank,rburbank2@arstechnica.com,Male,7/11/1968
42-6163757,Paton,Klyn,pklyn3@usnews.com,Male,12/3/1983
76-0034474,Gayel,Crownshaw,gcrownshaw4@marriott.com,Female,2/19/1961
57-9367652,Judith,Coiley,jcoiley5@intel.com,Female,7/13/1957
12-0493342,Hailey,Beaushaw,hbeaushaw6@globo.com,Male,10/2/1977
21-4525777,Mireille,Madgin,mmadgin7@nsw.gov.au,Female,11/29/1959
10-7130672,Ramona,Trim,rtrim8@scientificamerican.com,Female,8/15/1978
19-4351951,Maryanna,Jozefiak,mjozefiak9@hc360.com,Female,10/17/1993
13-5348018,Vite,Twinbrow,vtwinbrowa@bbb.org,Male,10/8/1996
09-1940915,Arleyne,Iacomettii,aiacomettiib@abc.net.au,Female,11/18/1988
80-8861730,Antonie,Pountney,apountneyc@slideshare.net,Female,1/20/1964
17-0198102,El,Cancellor,ecancellord@fc2.com,Male,7/26/1961
84-1885702,Catlee,Russe,crussee@cloudflare.com,Female,3/19/2001
61-3092365,Tobye,Opdenort,topdenortf@bandcamp.com,Female,10/15/1982
86-6485444,Meara,McQuaide,mmcquaideg@icq.com,Female,5/7/1997
18-5057809,Keane,Wakeham,kwakehamh@mysql.com,Male,10/1/1992
03-3220076,Cleo,Dudderidge,cdudderidgei@berkeley.edu,Female,3/7/1999
78-8886345,Arte,Achrameev,aachrameevj@army.mil,Male,10/16/1974
06-3627726,Jemima,Duchesne,jduchesnek@sina.com.cn,Female,2/8/2000
65-1451584,Heinrik,Iwanczyk,hiwanczykl@princeton.edu,Male,11/26/2003
23-0223104,Alasteir,Brugman,abrugmanm@apache.org,Male,3/5/1970
56-7174659,Belle,Sturrock,bsturrockn@sakura.ne.jp,Female,10/22/1988
08-3620341,Benetta,McAuley,bmcauleyo@mail.ru,Female,7/4/1979
11-5982369,Ginni,Piddlehinton,gpiddlehintonp@cdc.gov,Female,10/15/1966
47-5179848,Edik,McNellis,emcnellisq@tripadvisor.com,Male,1/26/2001
92-6516271,Patten,Cope,pcoper@utexas.edu,Male,4/18/1985
19-4219816,Bobby,Baldelli,bbaldellis@wikimedia.org,Female,2/27/1960
02-2938915,Halie,Bernucci,hbernuccit@sogou.com,Female,6/28/2007
64-5339397,Tye,Lemmanbie,tlemmanbieu@statcounter.com,Male,2/18/2008
01-5830885,Bethany,Cypler,bcyplerv@phpbb.com,Female,2/15/1993
05-6823072,Celisse,Grzeszczak,cgrzeszczakw@ucoz.com,Female,1/24/1970
20-2067168,Nari,Ferrone,nferronex@home.pl,Female,12/26/1969
08-0797490,Selena,Sopper,ssoppery@ifeng.com,Female,3/23/1999
46-5589206,Fleming,Procter,fprocterz@jimdo.com,Male,7/17/1958
51-1544662,Tammie,Mepham,tmepham10@cisco.com,Male,6/15/1980
84-1570630,Marley,Abdon,mabdon11@multiply.com,Female,7/25/1988
59-6304390,Bria,Dymock,bdymock12@cmu.edu,Female,2/26/2006
03-4012750,Hernando,Oaks,hoaks13@npr.org,Male,1/21/1991
63-2654090,Selby,Strowlger,sstrowlger14@typepad.com,Male,6/24/1960
50-1466112,Kaela,Schimmang,kschimmang15@ning.com,Female,7/30/1995
05-1000980,Ellyn,Carnalan,ecarnalan16@hugedomains.com,Female,10/8/1958
98-4171211,Alaster,Trevan,atrevan17@phpbb.com,Male,11/29/1966
39-8486163,Zebulen,Saxton,zsaxton18@paypal.com,Male,8/21/1999
13-8610125,Carine,Lewknor,clewknor19@cbc.ca,Female,12/5/1960
17-4926563,Cam,Routledge,croutledge1a@paginegialle.it,Male,6/19/1989
98-7713365,Cristie,Eggins,ceggins1b@de.vu,Female,9/7/1962
59-7841427,Danila,Duddle,dduddle1c@cdc.gov,Female,1/6/1987
31-2021545,Gauthier,Vandenhoff,gvandenhoff1d@wix.com,Male,4/7/1993
73-9087681,Rafe,Giffkins,rgiffkins1e@de.vu,Male,2/15/1978
56-1886468,Chev,Fearfull,cfearfull1f@fotki.com,Male,2/17/1965
41-3486126,Chloette,Haquin,chaquin1g@paginegialle.it,Female,7/25/1967
82-4015005,Ichabod,Akehurst,iakehurst1h@ibm.com,Male,6/5/1998
29-6531614,Fons,Parham,fparham1i@barnesandnoble.com,Male,9/6/1976
42-0137090,Obed,Tute,otute1j@hc360.com,Male,8/31/1973
59-2197408,Brand,Natt,bnatt1k@uol.com.br,Male,2/10/1968
59-2588816,Tremaine,Colson,tcolson1l@nsw.gov.au,Male,8/30/1974
19-3950217,Rem,Tuffrey,rtuffrey1m@w3.org,Male,9/20/1985
04-4331587,Constantine,Piola,cpiola1n@bloglovin.com,Male,8/15/2008
12-5968516,Constance,Vasilyonok,cvasilyonok1o@phoca.cz,Female,11/23/1989
11-6133887,Carolyn,Kopfer,ckopfer1p@vk.com,Female,10/1/1961
00-2040744,Paquito,Whiteoak,pwhiteoak1q@sphinn.com,Male,11/18/1969
42-3792026,Bruis,Munkton,bmunkton1r@sphinn.com,Male,8/31/1984
05-9375004,Elysia,Hessle,ehessle1s@icq.com,Female,7/23/1957
15-1572093,Lydie,Joris,ljoris1t@wordpress.com,Female,3/20/1996
18-7566306,Felipa,Trevains,ftrevains1u@google.pl,Female,6/13/1979
10-6887797,Charisse,Falkinder,cfalkinder1v@cbslocal.com,Female,12/12/1979
23-8058981,Natasha,Eborall,neborall1w@mashable.com,Female,9/29/1982
21-7774262,Chickie,Buffham,cbuffham1x@sun.com,Male,7/14/1966
56-4254600,Matias,Giraudot,mgiraudot1y@si.edu,Male,1/5/2006
39-0834598,Janos,Baldelli,jbaldelli1z@youtube.com,Male,3/10/1961
39-2131297,Chere,Watmore,cwatmore20@ucsd.edu,Female,6/22/1968
63-6939229,Richart,Feaks,rfeaks21@sciencedaily.com,Male,12/7/1973
92-1163003,Frieda,Flaunier,fflaunier22@hexun.com,Female,3/10/1977
62-4775060,Amberly,Saw,asaw23@jiathis.com,Female,11/8/1981
52-8169922,Sylvia,Cowland,scowland24@slashdot.org,Female,12/18/1960
24-7745137,Kippy,MacGrath,kmacgrath25@ox.ac.uk,Female,5/26/1980
19-6465553,Kayle,Petren,kpetren26@odnoklassniki.ru,Female,11/8/1996
12-4689867,Nellie,McIlwreath,nmcilwreath27@eepurl.com,Female,1/29/1975
53-3232345,Vonnie,Isakovitch,visakovitch28@livejournal.com,Female,4/23/1959
72-8359290,Tuck,Rockell,trockell29@npr.org,Male,6/27/1957
98-5121196,Lishe,Mazella,lmazella2a@nature.com,Female,6/16/1997
67-5945042,Dulcie,Pirdue,dpirdue2b@exblog.jp,Female,12/24/2004
59-2112342,Angela,Cruise,acruise2c@vkontakte.ru,Female,11/11/1985
42-7474089,Jae,Lippini,jlippini2d@tinyurl.com,Male,2/28/1970
58-4195168,Yorgos,Tufts,ytufts2e@patch.com,Male,7/9/1962
69-4825527,Matias,Pirozzi,mpirozzi2f@xinhuanet.com,Male,3/2/1977
46-3778087,Broddy,O'Hare,bohare2g@ifeng.com,Male,1/2/1957
55-3694954,Smith,Wilgar,swilgar2h@usatoday.com,Male,9/16/1968
10-4683560,Lane,Rolfe,lrolfe2i@marriott.com,Male,3/20/1965
56-4822571,Carley,Burdell,cburdell2j@bloglines.com,Female,9/11/1982
38-6390565,Stefanie,Rickards,srickards2k@google.ca,Female,12/3/1999
29-6849553,Tomasine,Dungey,tdungey2l@acquirethisname.com,Female,6/5/1992
55-7367563,Eleanor,Ruegg,eruegg2m@bing.com,Female,4/12/1964
20-9472401,Wallie,Hambridge,whambridge2n@sbwire.com,Male,12/31/1995
42-1931262,Rayshell,Ortell,rortell2o@yelp.com,Female,2/17/2007
10-4100298,Caresse,MacCombe,cmaccombe2p@tumblr.com,Female,12/4/1993
98-7485249,Mirabelle,Kidwell,mkidwell2q@cyberchimps.com,Female,3/2/1978
07-1502628,Sharleen,Tourot,stourot2r@go.com,Female,10/31/1970
30-9536350,Tymothy,Grinyakin,tgrinyakin2s@liveinternet.ru,Male,5/7/1965
88-2321620,Bernie,Eynaud,beynaud2t@blogs.com,Male,10/2/1987
16-1132996,Eleanor,Atterley,eatterley2u@digg.com,Female,8/27/1983
95-2494927,Dimitri,Puckring,dpuckring2v@ucsd.edu,Male,5/18/1978
86-9966426,Oralia,Hempshall,ohempshall2w@xinhuanet.com,Female,2/24/1984
19-8908319,Lance,Licciardi,llicciardi2x@sohu.com,Male,11/15/1989
65-6163361,Annabell,Lovelady,alovelady2y@cnbc.com,Female,2/24/1986
25-0522722,Ellene,Steanson,esteanson2z@fema.gov,Female,11/24/1997
93-3811358,Gaylor,Goldwater,ggoldwater30@utexas.edu,Male,2/18/1981
21-2219904,Cliff,Franzonello,cfranzonello31@redcross.org,Male,8/16/1990
57-4165091,Anica,Nabarro,anabarro32@berkeley.edu,Female,10/5/1986
93-8773978,Maddi,Simpkins,msimpkins33@hatena.ne.jp,Female,8/5/1986
71-4217664,Karel,Gaitley,kgaitley34@mozilla.org,Male,9/15/2004
16-5056419,Derrik,Charlo,dcharlo35@addtoany.com,Male,6/25/2003
42-1833860,Kora,Blemings,kblemings36@nbcnews.com,Female,3/24/1988
46-6614790,Hershel,Winterbotham,hwinterbotham37@webs.com,Male,11/26/1957
12-8586085,Rodrick,Tapping,rtapping38@last.fm,Male,7/4/1961
42-5242807,Ev,Klaussen,eklaussen39@dailymotion.com,Male,9/15/1957
10-9501278,Coleen,Ingry,cingry3a@tuttocitta.it,Female,5/3/1973
30-9464625,Godwin,Genders,ggenders3b@skyrock.com,Male,6/27/2006
38-3587455,Wanids,Bysaker,wbysaker3c@cdbaby.com,Female,1/25/1984
45-6139626,Newton,Grenshiels,ngrenshiels3d@google.com,Male,3/21/1972
16-3723409,Averill,Chappelle,achappelle3e@blinklist.com,Male,3/1/1986
30-4075477,Hogan,Shewan,hshewan3f@usnews.com,Male,1/1/1983
29-4383610,Joly,Ducroe,jducroe3g@sakura.ne.jp,Female,7/27/1963
43-2556448,Davidson,Tickel,dtickel3h@ft.com,Male,4/24/1971
29-1734802,Tadeo,Janes,tjanes3i@disqus.com,Male,11/4/1997
06-1875776,Clemence,Faireclough,cfaireclough3j@istockphoto.com,Female,11/8/2000
42-4870166,Ashby,Sheppard,asheppard3k@latimes.com,Male,3/12/1974
24-1603976,Gilli,Halpine,ghalpine3l@livejournal.com,Female,7/23/2000
80-3732418,Yehudi,Hoggetts,yhoggetts3m@e-recht24.de,Male,10/1/1997
25-1992768,Kyle,Caldero,kcaldero3n@php.net,Female,11/1/1960
05-8286488,Iorgos,Fellows,ifellows3o@go.com,Male,1/8/1957
00-3770039,Sterling,McMylor,smcmylor3p@slashdot.org,Male,11/18/2004
23-0469267,Staffard,Smeeton,ssmeeton3q@usatoday.com,Male,7/2/2005
21-0623147,Prentiss,Enoksson,penoksson3r@yahoo.co.jp,Male,9/13/1968
09-1185371,Mack,Innerstone,minnerstone3s@studiopress.com,Male,9/18/2005
89-2291297,Natasha,Yellowlee,nyellowlee3t@deliciousdays.com,Female,8/28/1969
20-5617681,Johny,Szimon,jszimon3u@cdc.gov,Male,11/6/1971
42-1080617,Lorant,Ackland,lackland3v@infoseek.co.jp,Male,3/29/1998
46-9733596,Staci,Bolam,sbolam3w@ft.com,Female,2/2/1974
45-9361698,Serene,Sutter,ssutter3x@google.com.au,Female,6/26/1979
10-2684602,Gannon,Feldbaum,gfeldbaum3y@go.com,Male,4/16/1968
99-4164620,Florencia,McMonnies,fmcmonnies3z@ebay.com,Female,3/7/1959
09-0810098,Ellery,Nafziger,enafziger40@ebay.co.uk,Male,2/18/2003
07-5960696,Tucky,Griffen,tgriffen41@tamu.edu,Male,6/10/1966
00-5296199,Vanya,Sparsholt,vsparsholt42@time.com,Male,6/8/1966
76-3996516,Bryn,Tanser,btanser43@live.com,Female,6/25/1976
16-3295475,Shandra,Quig,squig44@army.mil,Female,6/20/1983
56-6438792,Hannie,Lumsden,hlumsden45@slideshare.net,Female,1/4/2008
39-8018979,Betteann,Hooks,bhooks46@odnoklassniki.ru,Female,12/13/1975
70-4868537,Kristal,McMenamie,kmcmenamie47@microsoft.com,Female,3/13/1973
58-6558585,Katee,Wheatcroft,kwheatcroft48@house.gov,Female,10/10/1994
97-8535114,Andrea,Mixon,amixon49@qq.com,Male,9/4/1993
67-8990083,Adolph,Rainard,arainard4a@amazon.co.uk,Male,9/26/1984
98-8500848,Linc,Bond,lbond4b@gnu.org,Male,11/13/1963
32-0837692,Kaspar,Dansie,kdansie4c@mail.ru,Male,3/28/1983
87-4760824,Kiley,Raspison,kraspison4d@rambler.ru,Female,8/22/1963
55-9803804,Bat,Patroni,bpatroni4e@cbc.ca,Male,8/7/1996
39-5063315,Ab,Pedley,apedley4f@youku.com,Male,5/24/2006
70-8283567,Janos,Ecles,jecles4g@nhs.uk,Male,6/9/1993
56-9939576,Fletcher,Benz,fbenz4h@nhs.uk,Male,7/9/1998
65-4099178,Caryn,McAndie,cmcandie4i@eventbrite.com,Female,7/13/1960
13-7185296,Augustine,Dee,adee4j@bizjournals.com,Male,5/23/2004
29-3992593,Sonja,Karadzas,skaradzas4k@bizjournals.com,Female,9/3/1964
97-8113799,Ethelda,Matusov,ematusov4l@technorati.com,Female,8/16/1996
58-2207949,Devin,Pitney,dpitney4m@google.cn,Male,12/17/1961
32-7241468,Christina,Gillicuddy,cgillicuddy4n@china.com.cn,Female,7/16/1964
39-6893811,Mitchel,Bafford,mbafford4o@earthlink.net,Male,3/10/1987
45-1327832,Brenden,Corpes,bcorpes4p@cnet.com,Male,6/13/1957
54-4857891,Jameson,Bilbrooke,jbilbrooke4q@hugedomains.com,Male,1/2/2003
24-9817697,Emmy,Scarlon,escarlon4r@list-manage.com,Male,8/16/1972
56-5627887,Renado,Ghio,rghio4s@posterous.com,Male,3/26/1988
98-9734639,Megen,Mapplebeck,mmapplebeck4t@tmall.com,Female,7/7/1996
41-4472504,Philis,Toffaloni,ptoffaloni4u@google.com.hk,Female,9/14/1999
13-0877430,Harry,Bondesen,hbondesen4v@fema.gov,Male,8/18/1988
25-2747246,Maryl,Mordy,mmordy4w@webnode.com,Female,10/24/1985
31-9280367,Karlee,Ogilvy,kogilvy4x@craigslist.org,Female,9/22/1969
85-7663616,Glenda,Houselee,ghouselee4y@sina.com.cn,Female,12/25/1968
10-4261266,Con,Shevlin,cshevlin4z@bloomberg.com,Male,2/12/1992
12-4306107,Ellery,Bills,ebills50@1688.com,Male,4/24/1961
22-1468638,Sansone,Jaszczak,sjaszczak51@bluehost.com,Male,12/11/1981
50-8179459,Geno,Harbord,gharbord52@answers.com,Male,3/11/1992
53-5930108,Nil,Poulney,npoulney53@hugedomains.com,Male,10/17/1958
20-5513092,Sebastian,Riddlesden,sriddlesden54@shareasale.com,Male,6/23/1978
95-6676348,Aubree,Ingles,aingles55@facebook.com,Female,11/14/1979
94-2010543,Delilah,Upfold,dupfold56@nydailynews.com,Female,10/11/2008
06-2468626,Alonso,McGooch,amcgooch57@netvibes.com,Male,2/13/1974
43-9037715,Bernadine,Lebrun,blebrun58@imgur.com,Female,4/12/1977
28-4203601,Melesa,Blessed,mblessed59@quantcast.com,Female,12/20/2005
13-6817803,Millard,Lovewell,mlovewell5a@latimes.com,Male,2/2/2007
97-9967328,Vergil,Chinge de Hals,vchingedehals5b@buzzfeed.com,Male,9/28/1998
16-1151642,Shoshana,Le Jean,slejean5c@archive.org,Female,2/4/2007
41-9734677,Cristabel,Grinyakin,cgrinyakin5d@myspace.com,Female,8/17/1995
03-6451920,Allina,Angell,aangell5e@springer.com,Female,11/15/1967
40-8844569,Birgitta,Ben,bben5f@moonfruit.com,Female,3/18/2008
92-9697531,Christoph,Verecker,cverecker5g@homestead.com,Male,4/24/1983
73-1442377,Elke,Mackerness,emackerness5h@kickstarter.com,Female,6/1/1974
23-2498402,Udall,Belly,ubelly5i@wunderground.com,Male,11/19/1995
12-4934339,Abigale,Skehens,askehens5j@arizona.edu,Female,1/11/1981
51-0106394,Cecil,Alpine,calpine5k@goo.gl,Male,9/29/1984
01-2943224,Larisa,Hache,lhache5l@cdbaby.com,Female,9/25/1981
85-5065617,Mischa,Goodlett,mgoodlett5m@linkedin.com,Male,3/13/1959
58-0338526,Bernardo,Bortolussi,bbortolussi5n@reddit.com,Male,2/5/1985
19-7894864,Elihu,Dacks,edacks5o@de.vu,Male,8/22/1962
00-3535648,John,Coldicott,jcoldicott5p@de.vu,Male,8/12/1988
43-7730461,Roseanne,O' Liddy,roliddy5q@paypal.com,Female,7/10/1959
89-9071644,Callean,Andrichak,candrichak5r@va.gov,Male,9/28/2003
55-0012780,Claresta,Venus,cvenus5s@ovh.net,Female,10/10/1997
25-3680114,Chlo,Rowantree,crowantree5t@360.cn,Female,8/25/1963
95-2023905,Farah,Scrane,fscrane5u@skype.com,Female,3/26/1991
29-4390340,Stephie,Hayford,shayford5v@bigcartel.com,Female,10/3/1960
03-1976506,Reinald,Upham,rupham5w@epa.gov,Male,9/13/2001
93-1427100,Trev,Brettelle,tbrettelle5x@123-reg.co.uk,Male,7/1/1992
29-4080638,Lane,Loveitt,lloveitt5y@privacy.gov.au,Male,3/7/1989
30-4142403,Halli,Symondson,hsymondson5z@tripod.com,Female,11/28/2008
29-5276596,Rodge,Broxis,rbroxis60@ustream.tv,Male,6/10/2003
48-5106349,Shandra,Donne,sdonne61@state.tx.us,Female,1/19/1988
61-3983349,Ricard,Manicomb,rmanicomb62@house.gov,Male,1/2/1966
88-1429870,Ediva,Iverson,eiverson63@nymag.com,Female,12/23/1960
06-4760360,Seana,Probat,sprobat64@cbsnews.com,Female,6/24/2000
05-8537671,Cale,Dicey,cdicey65@google.de,Male,10/12/1972
11-6809015,Orv,Willcock,owillcock66@google.com.au,Male,7/12/1993
85-7444847,Marie-jeanne,Whitebread,mwhitebread67@jalbum.net,Female,3/30/1962
44-3119675,Culley,Umpleby,cumpleby68@odnoklassniki.ru,Male,11/6/1972
68-1931627,Arlette,Huitson,ahuitson69@intel.com,Female,2/8/2003
44-2309868,Nahum,Burkinshaw,nburkinshaw6a@friendfeed.com,Male,11/22/1989
97-4691297,Rhys,Karpushkin,rkarpushkin6b@reverbnation.com,Male,11/20/1978
48-7930049,Burgess,Helleckas,bhelleckas6c@jimdo.com,Male,1/21/1976
53-0236230,Kelley,Finey,kfiney6d@miibeian.gov.cn,Female,5/5/1978
70-1109307,Daisie,Medlin,dmedlin6e@uiuc.edu,Female,1/30/1968
51-3718710,Katharina,Hyde-Chambers,khydechambers6f@macromedia.com,Female,7/1/1992
81-8180773,Peder,Glennie,pglennie6g@chron.com,Male,1/23/1976
50-6991799,Glyn,Apted,gapted6h@admin.ch,Male,4/5/1996
06-2497502,Flossie,Todeo,ftodeo6i@dot.gov,Female,10/6/2006
47-5008771,Myrtle,Bromell,mbromell6j@wikia.com,Female,5/17/2001
92-6124377,Irina,Puttan,iputtan6k@yale.edu,Female,8/20/1957
76-9416174,Hersh,Pemble,hpemble6l@pen.io,Male,6/17/1967
64-1267836,Warde,Bayley,wbayley6m@cbc.ca,Male,3/17/1979
44-6760126,Dimitry,Tester,dtester6n@narod.ru,Male,11/27/1981
24-2269183,Theressa,Tatnell,ttatnell6o@ihg.com,Female,4/5/1979
77-4470140,Rae,Kirvin,rkirvin6p@youku.com,Female,6/11/1970
72-2357597,Adham,Bowcher,abowcher6q@netlog.com,Male,5/20/1992
94-7671429,Lauren,Siley,lsiley6r@narod.ru,Male,2/18/1976
05-0555898,Tulley,Gealy,tgealy6s@delicious.com,Male,6/11/1996
03-3017250,Mae,Joiris,mjoiris6t@amazonaws.com,Female,3/3/1987
98-9856812,Aldo,Pettifor,apettifor6u@toplist.cz,Male,12/10/1977
51-9618834,Esmaria,Lockhurst,elockhurst6v@scientificamerican.com,Female,8/23/1989
18-0311375,Dorie,Gutcher,dgutcher6w@mysql.com,Male,11/13/1994
11-1079026,Crissy,Schettini,cschettini6x@spotify.com,Female,3/31/1974
39-0936503,Dayle,Durbann,ddurbann6y@microsoft.com,Female,10/10/1991
10-2037928,Lori,Greatbank,lgreatbank6z@newyorker.com,Female,7/17/1985
22-3953622,Cordy,Teodoro,cteodoro70@army.mil,Male,12/8/1986
21-9208675,Janetta,Pim,jpim71@businessinsider.com,Female,9/13/1994
13-8385709,Sharron,Leppington,sleppington72@sina.com.cn,Female,1/2/1979
52-9544919,Cody,Fitchett,cfitchett73@yellowpages.com,Male,9/15/1962
97-6058702,Damaris,Scanlin,dscanlin74@npr.org,Female,2/8/2003
60-0127258,Rafferty,Carayol,rcarayol75@nsw.gov.au,Male,8/31/2004
82-0138508,Fleming,Labram,flabram76@tuttocitta.it,Male,2/21/1983
28-5668791,Merle,Lavington,mlavington77@cafepress.com,Female,7/24/1957
45-9953392,Missy,Bellenger,mbellenger78@wsj.com,Female,3/7/1994
36-8050532,Reinald,Gebbe,rgebbe79@dmoz.org,Male,2/7/1973
14-8961459,Julee,Plevey,jplevey7a@list-manage.com,Female,4/17/1980
45-8003621,Brenden,Massie,bmassie7b@digg.com,Male,9/11/2004
92-0136910,Jeni,Spollen,jspollen7c@theatlantic.com,Female,5/31/1975
48-4058421,Harp,Tousey,htousey7d@trellian.com,Male,12/12/1967
63-4227924,Harriett,Farnan,hfarnan7e@ask.com,Female,4/18/1992
19-0110953,Kattie,Kennady,kkennady7f@webeden.co.uk,Female,4/4/1980
32-6373802,Nicky,Sellar,nsellar7g@rediff.com,Male,4/4/1994
03-3195956,Martin,Kincaid,mkincaid7h@ezinearticles.com,Male,7/19/1997
73-8025533,Tally,Garralts,tgarralts7i@sciencedirect.com,Male,9/19/1963
60-6429272,Lindsay,Peer,lpeer7j@google.co.uk,Female,5/27/1989
40-5107039,Ferrell,Raynham,fraynham7k@shinystat.com,Male,5/23/2005
49-6148278,Terencio,Bentham3,tbentham7l@latimes.com,Male,5/12/1987
86-4578827,Nichol,Emeney,nemeney7m@pcworld.com,Female,9/23/1994
22-4830887,Barnaby,Gipson,bgipson7n@imdb.com,Male,8/11/1986
98-1749276,Arnuad,Oldall,aoldall7o@privacy.gov.au,Male,11/8/1984
47-4802597,Constantin,Nucci,cnucci7p@state.tx.us,Male,10/8/1992
37-0089216,Merrily,Beton,mbeton7q@simplemachines.org,Female,7/3/1997
05-1677378,Jocko,Vango,jvango7r@squidoo.com,Male,8/12/1993
33-5103301,Jess,Aylmer,jaylmer7s@nytimes.com,Male,8/22/1974
30-0841161,Colan,Nisbet,cnisbet7t@histats.com,Male,7/5/1995
59-2730907,Curry,Suttill,csuttill7u@newyorker.com,Male,8/28/1997
53-0331277,Wald,Selbie,wselbie7v@wordpress.com,Male,5/29/1964
84-7552195,Granthem,Povlsen,gpovlsen7w@blogs.com,Male,10/31/1963
91-5069438,Amelita,Spinetti,aspinetti7x@ox.ac.uk,Female,3/2/2003
41-0044438,Rip,Hasker,rhasker7y@slashdot.org,Male,7/30/1977
65-3329256,Augusto,Hollingdale,ahollingdale7z@addtoany.com,Male,2/8/1963
43-7974732,Juliann,Poter,jpoter80@yale.edu,Female,11/19/2003
33-5856178,Matthew,Brahams,mbrahams81@yale.edu,Male,3/21/1968
81-4036813,Mechelle,Landeg,mlandeg82@scientificamerican.com,Female,10/23/1976
36-8011405,Ase,Muffen,amuffen83@nifty.com,Male,6/25/1978
96-3219362,Rubia,Dyet,rdyet84@paginegialle.it,Female,5/29/1958
50-7139697,Husain,Churcher,hchurcher85@zimbio.com,Male,7/30/1977
34-6647591,Titus,Nanninini,tnanninini86@slashdot.org,Male,5/20/1974
13-9135777,Cordell,Camelli,ccamelli87@who.int,Male,1/28/1973
28-6818638,Johnny,Garthside,jgarthside88@abc.net.au,Male,5/27/2001
71-9157461,Mateo,Iozefovich,miozefovich89@newsvine.com,Male,7/25/1999
10-6391011,Codee,Pergens,cpergens8a@imgur.com,Female,5/10/1967
97-5779064,Nydia,Hansod,nhansod8b@vistaprint.com,Female,6/17/1992
53-9407542,Florette,Smeed,fsmeed8c@admin.ch,Female,2/8/1988
30-1073958,Darcy,McPhaden,dmcphaden8d@dedecms.com,Female,10/26/1985
88-4373455,Tremaine,Saffle,tsaffle8e@bandcamp.com,Male,2/15/1985
96-5751609,Celina,Elven,celven8f@surveymonkey.com,Female,8/3/1999
89-6991492,Elwyn,Lilian,elilian8g@nydailynews.com,Male,11/25/2007
92-9759184,Sergeant,Nannini,snannini8h@reference.com,Male,2/25/1983
81-4063070,Park,Rimmer,primmer8i@phoca.cz,Male,3/22/1981
82-6900452,Ceciley,O'Codihie,cocodihie8j@livejournal.com,Female,2/29/1976
26-4122901,Loralee,Galiford,lgaliford8k@paypal.com,Female,5/2/1973
22-1491719,Halie,Woofinden,hwoofinden8l@wordpress.org,Female,5/23/1957
85-4407196,Bucky,Salliere,bsalliere8m@cpanel.net,Male,6/20/1976
29-2700585,Diane-marie,Sinson,dsinson8n@liveinternet.ru,Female,2/16/1974
00-1830907,Jonie,Dudney,jdudney8o@jalbum.net,Female,11/24/1995
31-1554692,Sebastiano,Moring,smoring8p@cmu.edu,Male,9/2/1962
96-8879247,Bernadina,Carlan,bcarlan8q@accuweather.com,Female,6/21/2002
95-2262652,Tilda,Folder,tfolder8r@cpanel.net,Female,12/6/1989
23-3108878,Heath,McGahey,hmcgahey8s@mysql.com,Female,3/16/1980
67-9655028,Jasmin,Egdal,jegdal8t@nydailynews.com,Female,3/14/1966
53-8853297,Hube,Mitroshinov,hmitroshinov8u@pen.io,Male,12/5/1966
39-6682344,Bridget,Lynnett,blynnett8v@altervista.org,Female,6/7/1982
38-8393627,Somerset,Gethyn,sgethyn8w@digg.com,Male,10/7/1988
73-2634609,Karol,Blackway,kblackway8x@tinypic.com,Female,3/17/1958
16-7961706,Ephrayim,Kemmons,ekemmons8y@jiathis.com,Male,8/10/1982
70-3763943,Tansy,Dudney,tdudney8z@wp.com,Female,2/20/1976
50-8442101,Dene,Ellesworthe,dellesworthe90@technorati.com,Male,1/16/1963
63-9523706,Buck,Swainson,bswainson91@free.fr,Male,5/18/1992
45-2950387,Peria,Franken,pfranken92@instagram.com,Female,12/7/1981
59-7316178,Flossie,Atterbury,fatterbury93@cisco.com,Female,12/5/1979
93-8641447,Ciel,Brolan,cbrolan94@ehow.com,Female,5/18/1983
39-3912642,Ryann,Henmarsh,rhenmarsh95@networksolutions.com,Female,4/21/1979
09-7955490,Esther,Yansons,eyansons96@auda.org.au,Female,2/19/2002
97-6558627,Vally,Owttrim,vowttrim97@istockphoto.com,Female,10/22/1983
25-4102808,Nathanael,Devonside,ndevonside98@howstuffworks.com,Male,10/15/1966
39-8331385,Poppy,Vlies,pvlies99@bravesites.com,Female,6/18/1982
90-9412726,Ricki,Bock,rbock9a@cafepress.com,Male,4/9/1961
90-0418888,Ellwood,Prantoni,eprantoni9b@amazonaws.com,Male,6/15/1987
44-7183770,Friedrick,Dalziel,fdalziel9c@barnesandnoble.com,Male,5/15/1962
94-4196215,Karrie,Giacomoni,kgiacomoni9d@twitpic.com,Female,10/30/1987
89-1695225,Dierdre,Stiger,dstiger9e@un.org,Female,5/31/1982
17-8935446,Alano,Killough,akillough9f@mysql.com,Male,9/23/1992
36-2911996,Curry,Gail,cgail9g@nymag.com,Male,12/20/1958
86-5542222,Mackenzie,Devitt,mdevitt9h@topsy.com,Male,12/25/1984
39-1719086,Gregg,O'Teague,goteague9i@answers.com,Male,10/3/1975
83-1467261,Mychal,Cadman,mcadman9j@scientificamerican.com,Male,4/10/2002
49-4188204,Leif,Kerfod,lkerfod9k@cnet.com,Male,1/25/1977
13-4903175,Ingrid,Skelton,iskelton9l@pinterest.com,Female,12/25/1991
15-2801925,Bettine,Jaquiss,bjaquiss9m@dailymail.co.uk,Female,3/4/1961
85-5745839,Linnea,Niles,lniles9n@seesaa.net,Female,11/1/1988
74-8262893,Winny,Gostyke,wgostyke9o@cbslocal.com,Male,7/11/1992
19-9327209,Saunders,Gerasch,sgerasch9p@yahoo.co.jp,Male,7/27/1987
40-6602812,Jackson,Casacchia,jcasacchia9q@umich.edu,Male,4/21/1987
71-9066458,Olva,Mattiello,omattiello9r@usa.gov,Female,2/6/1961
43-1132287,Freddie,Blanche,fblanche9s@discuz.net,Female,11/18/2003
53-7352143,Martelle,Cofax,mcofax9t@webmd.com,Female,1/22/2001
38-3419756,Ernaline,Robbel,erobbel9u@bbc.co.uk,Female,11/1/1985
47-0097800,Lief,Arlt,larlt9v@acquirethisname.com,Male,9/13/1976
09-6850064,Aurelea,Manchester,amanchester9w@sbwire.com,Female,11/2/1970
29-9322982,Jephthah,Lunney,jlunney9x@xinhuanet.com,Male,3/27/1996
90-0664775,Jenda,Verbeke,jverbeke9y@imageshack.us,Female,3/8/2002
56-6942357,Brandise,Rayson,brayson9z@blog.com,Female,2/23/1960
61-1293116,Reinaldos,Burston,rburstona0@goo.gl,Male,12/21/1993
46-2779986,Marlon,Zarfai,mzarfaia1@un.org,Male,1/3/1997
21-6282568,Bren,Wakerley,bwakerleya2@icio.us,Female,4/24/1992
80-0438753,Judon,Masterson,jmastersona3@naver.com,Male,3/2/1967
40-4582289,Guinevere,Pinnegar,gpinnegara4@parallels.com,Female,9/14/1994
18-9519734,Daphene,Nolder,dnoldera5@ucsd.edu,Female,3/12/2002
37-9458640,Cindelyn,Duding,cdudinga6@blogspot.com,Female,5/15/1993
86-4005524,Tades,O' Donohue,todonohuea7@shop-pro.jp,Male,5/30/1980
67-2055134,Al,Allcott,aallcotta8@baidu.com,Male,8/8/1976
88-6107979,Angel,Reddish,areddisha9@chron.com,Female,5/18/1981
94-5101989,Ezri,Bockett,ebockettaa@elegantthemes.com,Male,2/9/1988
73-6224848,Ajay,Snoxell,asnoxellab@e-recht24.de,Female,8/20/1961
44-5636848,Lishe,Curnock,lcurnockac@auda.org.au,Female,6/12/1979
53-0537250,Felike,Bimson,fbimsonad@sfgate.com,Male,1/27/1990
43-3760596,Jolyn,Tuley,jtuleyae@dion.ne.jp,Female,7/14/1958
28-1619931,Elly,O'Lunny,eolunnyaf@answers.com,Female,8/16/1989
28-5860787,Abrahan,Dowzell,adowzellag@si.edu,Male,3/21/2000
24-1602610,Tad,Sambrok,tsambrokah@google.com.au,Male,9/21/1998
57-0848528,Evangelina,Hellin,ehellinai@feedburner.com,Female,6/10/1964
26-6005598,Ashia,Arlidge,aarlidgeaj@rediff.com,Female,9/16/1968
23-6815578,Akim,Antoons,aantoonsak@vimeo.com,Male,8/26/2003
27-7044743,Brena,Youens,byouensal@e-recht24.de,Female,4/29/1988
15-6628274,Eugenio,Readwin,ereadwinam@pen.io,Male,6/29/1977
91-0605562,Annmarie,Lilbourne,alilbournean@mayoclinic.com,Female,10/22/1977
06-2431073,Sansone,Reily,sreilyao@slideshare.net,Male,10/4/1998
94-4482160,Demetris,Cheyney,dcheyneyap@pagesperso-orange.fr,Female,2/16/1972
99-0649976,Jaynell,Pavkovic,jpavkovicaq@cnbc.com,Female,4/22/1983
15-2789463,Even,Burk,eburkar@amazon.de,Male,6/25/2006
76-8282497,Darby,Paddick,dpaddickas@sogou.com,Female,9/17/1963
28-7711239,Kean,McConville,kmcconvilleat@com.com,Male,5/25/1973
59-9214163,Frederic,Yedall,fyedallau@state.tx.us,Male,6/18/1959
67-8979578,Fredrick,Spirit,fspiritav@mac.com,Male,5/23/1977
85-8974306,Wynny,Brundall,wbrundallaw@com.com,Female,4/18/1991
30-8938705,Tanya,Jaquin,tjaquinax@live.com,Female,3/31/1966
14-2967712,Ingeborg,Kinlock,ikinlockay@friendfeed.com,Female,2/12/1969
10-3664417,Sue,Degg,sdeggaz@theglobeandmail.com,Female,4/15/1983
58-4233017,Corbie,Durno,cdurnob0@exblog.jp,Male,3/18/1998
83-2361433,Lettie,Thieme,lthiemeb1@bbc.co.uk,Female,12/15/1972
40-4482987,Leonore,Habbijam,lhabbijamb2@eventbrite.com,Female,5/24/2006
99-0176585,Tremayne,Ingyon,tingyonb3@marriott.com,Male,6/28/1964
82-8866295,Desiree,Dimic,ddimicb4@yandex.ru,Female,4/8/1996
19-9100852,Clive,Lane,claneb5@miitbeian.gov.cn,Male,10/7/1965
14-8256018,Frankie,Blackey,fblackeyb6@marriott.com,Male,4/12/1976
75-3876561,Pierette,Hiseman,phisemanb7@google.de,Female,7/10/1997
62-7431856,Darrin,Plows,dplowsb8@yahoo.com,Male,2/6/1997
76-4507217,Kissiah,Wetherill,kwetherillb9@constantcontact.com,Female,3/6/1979
52-1667406,Van,Sulter,vsulterba@state.gov,Female,8/3/1960
07-0980238,Cristobal,Piken,cpikenbb@census.gov,Male,3/7/2006
74-7993291,Erastus,Medlar,emedlarbc@house.gov,Male,4/24/1991
52-0297993,Baudoin,Spoerl,bspoerlbd@wix.com,Male,7/27/1977
87-6926567,Suzanna,Ivashev,sivashevbe@posterous.com,Female,7/25/1980
60-3848017,Maximilianus,Madner,mmadnerbf@time.com,Male,7/22/1977
55-6966620,Albie,Droogan,adrooganbg@ibm.com,Male,5/28/1986
86-7732745,Nanci,Brane,nbranebh@gnu.org,Female,12/28/1992
82-2268745,Christian,Cornhill,ccornhillbi@examiner.com,Female,11/1/1971
18-6043917,Ysabel,Ellul,yellulbj@army.mil,Female,12/30/2007
17-7207602,Augustine,Kelling,akellingbk@themeforest.net,Male,9/21/1996
25-3174058,Pammie,De Pietri,pdepietribl@vinaora.com,Female,4/16/1991
13-3512142,Duke,Ladbrook,dladbrookbm@seesaa.net,Male,10/1/1967
67-7020314,Cameron,Winchcomb,cwinchcombbn@clickbank.net,Male,3/1/1988
43-1727532,Shandy,Roglieri,sroglieribo@imdb.com,Female,6/12/1974
17-4659827,Gael,Kinder,gkinderbp@globo.com,Male,3/19/2002
64-9675407,Hollis,Botley,hbotleybq@wired.com,Male,7/9/2002
03-8464009,Cammie,Killby,ckillbybr@amazon.com,Female,9/9/1986
16-8152182,Elsey,Ryle,erylebs@networkadvertising.org,Female,5/11/1971
22-3051252,Raddy,Glenwright,rglenwrightbt@nps.gov,Male,10/17/1999
39-6327997,Eduard,Wyldbore,ewyldborebu@technorati.com,Male,8/16/1975
11-1980369,Katuscha,Mardy,kmardybv@xing.com,Female,2/11/1982
08-8268493,Adah,Bunclark,abunclarkbw@europa.eu,Female,5/11/1991
41-2571725,Ferd,Daulton,fdaultonbx@i2i.jp,Male,9/30/1982
48-6745142,Gustav,Stonner,gstonnerby@angelfire.com,Male,1/25/1998
27-9245330,Ignacius,Joist,ijoistbz@businesswire.com,Male,7/2/1989
77-1692935,Shaine,Lissimore,slissimorec0@irs.gov,Male,8/3/1988
64-7146207,Kacie,Trangmar,ktrangmarc1@gov.uk,Female,7/27/1987
99-4414475,Adolphus,Pococke,apocockec2@biglobe.ne.jp,Male,9/13/1957
73-1994461,Farris,Neachell,fneachellc3@taobao.com,Male,10/31/1996
92-8621064,Ike,Webland,iweblandc4@bloomberg.com,Male,1/1/1974
29-9782148,Linnea,Cranmor,lcranmorc5@dion.ne.jp,Female,7/9/1987
39-7801840,Myrtice,Dohmann,mdohmannc6@sciencedirect.com,Female,3/8/2004
35-3008724,Demetris,Demageard,ddemageardc7@businessinsider.com,Female,8/5/1990
77-7306834,Willamina,Phillipps,wphillippsc8@reddit.com,Female,8/30/2003
68-7359542,Lilly,Philipsohn,lphilipsohnc9@amazon.co.jp,Female,11/20/1969
06-1089272,Ware,Gerok,wgerokca@ifeng.com,Male,5/23/2002
12-2456208,Tamas,Edlyne,tedlynecb@merriam-webster.com,Male,2/24/1999
24-3650684,Hernando,Baukham,hbaukhamcc@csmonitor.com,Male,1/26/1976
34-9531460,Brittney,Dobbings,bdobbingscd@mlb.com,Female,4/22/1978
75-4177825,Charlena,St. Leger,cstlegerce@mail.ru,Female,5/11/1993
83-8196466,Archie,Alves,aalvescf@linkedin.com,Male,10/17/2005
89-4951826,Augusto,Rohlfs,arohlfscg@kickstarter.com,Male,6/28/1970
23-7637027,Rikki,Bexley,rbexleych@hud.gov,Male,8/19/1976
48-8599732,Dael,Williment,dwillimentci@hp.com,Female,7/9/1967
13-3002410,Elana,Tomlinson,etomlinsoncj@netlog.com,Female,10/31/1972
98-4494211,Glendon,Gair,ggairck@washingtonpost.com,Male,12/7/1982
71-5908405,Georgi,Golden of Ireland,ggoldenofirelandcl@prweb.com,Male,3/10/1991
06-7170850,Reginauld,Marrow,rmarrowcm@jiathis.com,Male,6/16/1966
49-8632886,Sully,Janak,sjanakcn@php.net,Male,11/10/1992
36-7259075,Sutherlan,Burge,sburgeco@smugmug.com,Male,2/10/1998
19-4602998,Cirilo,Loftie,cloftiecp@flickr.com,Male,7/31/1991
89-3577614,Stuart,Orneles,sornelescq@zdnet.com,Male,11/8/1967
55-2157653,Antons,Cree,acreecr@free.fr,Male,7/11/1989
00-0721983,Dory,McAleese,dmcaleesecs@purevolume.com,Male,1/5/1991
70-7713994,Shea,Chiddy,schiddyct@godaddy.com,Female,11/10/1996
00-2592995,Sharl,Priddis,spriddiscu@twitter.com,Female,3/14/1978
79-3863271,Jobey,Mintoff,jmintoffcv@rakuten.co.jp,Female,3/1/1981
00-1288784,Vally,Viegas,vviegascw@weather.com,Female,3/15/1998
75-1248562,Emmott,MacHostie,emachostiecx@last.fm,Male,4/24/1994
12-9429388,Friedrich,Rummins,frumminscy@shutterfly.com,Male,3/20/1986
56-2010262,Zarla,Julian,zjuliancz@blogspot.com,Female,1/20/2004
69-2528030,Kiersten,Piddick,kpiddickd0@japanpost.jp,Female,5/12/2003
32-3739399,Odey,Benion,obeniond1@hexun.com,Male,1/2/2004
11-7163523,Maura,Rove,mroved2@devhub.com,Female,11/19/1957
16-6979357,Terencio,Ballance,tballanced3@netscape.com,Male,8/27/2001
66-7058725,Tully,Gives,tgivesd4@webnode.com,Male,1/9/1985
51-4855878,Pren,Marney,pmarneyd5@amazon.de,Male,12/6/1977
08-4703206,Cirillo,Cornels,ccornelsd6@hao123.com,Male,12/4/1961
58-3916045,Ileana,Rocks,irocksd7@reddit.com,Female,10/7/2005
62-9847119,Hunfredo,Morlon,hmorlond8@washingtonpost.com,Male,10/4/1970
13-6159670,Evanne,Cannop,ecannopd9@amazonaws.com,Female,7/12/2004
11-2624280,Franky,Strodder,fstrodderda@quantcast.com,Female,4/5/1992
85-5064619,Lazarus,Santarelli,lsantarellidb@java.com,Male,12/16/2007
43-5160883,Coreen,Beat,cbeatdc@tumblr.com,Female,9/17/2006
35-5450264,Monroe,Mereweather,mmereweatherdd@netlog.com,Male,1/14/1963
74-4084171,Quillan,Ceillier,qceillierde@icq.com,Male,12/28/1988
89-3805124,Trumaine,Jarad,tjaraddf@com.com,Male,9/21/1992
06-8278065,Jania,Bodega,jbodegadg@netlog.com,Female,8/24/1977
28-5023370,Trev,Tolhurst,ttolhurstdh@whitehouse.gov,Male,4/19/1992
40-4206466,Stefan,Brandsma,sbrandsmadi@themeforest.net,Male,7/12/1980
44-5650511,Hamel,Bleckly,hblecklydj@is.gd,Male,5/12/1967
49-9752997,Deeann,Kinworthy,dkinworthydk@altervista.org,Female,10/9/2004
10-8947419,Patrice,Saxon,psaxondl@techcrunch.com,Male,8/7/1990
71-6640886,Dov,Knottley,dknottleydm@ow.ly,Male,2/17/2005
32-9052436,Bernard,Lindbergh,blindberghdn@zdnet.com,Male,1/24/1988
13-2306167,Ellswerth,Brighty,ebrightydo@huffingtonpost.com,Male,5/10/1976
05-8828651,Christin,Gayden,cgaydendp@google.pl,Female,5/25/1988
76-3304250,Issiah,Peppin,ipeppindq@oracle.com,Male,2/20/1994
78-9177591,Carter,Treweela,ctreweeladr@homestead.com,Male,8/27/1957
42-2149389,Arielle,McQuorkel,amcquorkelds@timesonline.co.uk,Female,7/24/1993
28-1253757,Sammy,Wedmore,swedmoredt@moonfruit.com,Female,1/23/1976
36-1835489,Torrence,Colhoun,tcolhoundu@vkontakte.ru,Male,1/25/2001
99-1875555,Jennine,Lorek,jlorekdv@unesco.org,Female,11/22/1995
20-1605363,Robby,Avramovitz,ravramovitzdw@stanford.edu,Male,8/8/1986
82-1663651,Torrin,Beverley,tbeverleydx@networkadvertising.org,Male,1/12/2001
23-7094656,Letta,Nolleth,lnollethdy@lulu.com,Female,6/20/1971
09-8487340,Rudolph,Ewenson,rewensondz@51.la,Male,2/6/1966
57-1199443,Taryn,Tregidgo,ttregidgoe0@army.mil,Female,12/19/2006
75-9129613,Crissy,Sisley,csisleye1@bloglovin.com,Female,3/3/1977
79-5802725,Pall,Plaistowe,pplaistowee2@webs.com,Male,4/8/1963
58-0405002,Dolores,Calderonello,dcalderonelloe3@nhs.uk,Female,6/8/1979
29-1710177,Gerrilee,Rennels,grennelse4@gravatar.com,Female,12/29/1974
37-3642651,Dasi,Degli Abbati,ddegliabbatie5@businesswire.com,Female,7/13/1957
08-5608022,Lindsay,Everington,leveringtone6@who.int,Female,4/28/1992
46-8450835,Shel,Minnock,sminnocke7@rediff.com,Female,10/3/1965
66-9907818,Christean,Nuth,cnuthe8@hibu.com,Female,5/15/2005
81-3500271,Miles,Abells,mabellse9@princeton.edu,Male,10/29/1976
76-3926821,Jemima,Balsdone,jbalsdoneea@hostgator.com,Female,12/16/1973
91-8179085,Cherrita,O'Flaherty,coflahertyeb@blog.com,Female,4/7/1962
27-9518738,Anthony,Fryer,afryerec@twitter.com,Male,1/15/1961
79-9604082,Lemmy,Signe,lsigneed@amazon.com,Male,8/30/1978
28-6645201,Minette,Rehn,mrehnee@blogspot.com,Female,2/27/1964
50-4823694,Dulci,Mence,dmenceef@senate.gov,Female,9/3/1976
93-6957318,Giselle,Maysor,gmaysoreg@pagesperso-orange.fr,Female,11/8/1990
79-7450466,Pancho,Badgers,pbadgerseh@va.gov,Male,10/5/1958
53-9532657,Josefina,Gogerty,jgogertyei@intel.com,Female,11/9/1966
81-1185201,Thorvald,Druery,tdrueryej@bloomberg.com,Male,11/22/1976
39-0221852,Moses,Eltun,meltunek@yale.edu,Male,3/5/1959
83-7585810,Gay,Wrennall,gwrennallel@thetimes.co.uk,Female,3/5/1973
42-0239881,Cecile,Dowsett,cdowsettem@printfriendly.com,Female,2/29/1992
06-1273984,Shayla,Stegers,sstegersen@nature.com,Female,8/11/1997
02-7955750,Elva,Rumming,erummingeo@accuweather.com,Female,6/12/2002
15-8174222,Helga,Verney,hverneyep@ucoz.com,Female,10/30/1993
67-1058685,Don,Volk,dvolkeq@wisc.edu,Male,10/4/1984
76-8397339,Andre,Bernardy,abernardyer@webmd.com,Male,3/19/1975
44-1707283,Derrik,Walisiak,dwalisiakes@twitpic.com,Male,4/14/1966
83-7808620,Kingston,Stillert,kstillertet@apache.org,Male,6/3/1968
57-5421800,Rand,Bartolomeotti,rbartolomeottieu@hao123.com,Male,6/16/1992
05-3879695,Moira,Zanuciolii,mzanucioliiev@senate.gov,Female,3/26/2004
13-4032949,Miller,Mauvin,mmauvinew@tinyurl.com,Male,3/4/1973
99-2092541,Rube,Willerton,rwillertonex@theatlantic.com,Male,2/22/1968
63-0214037,Chevy,Clemson,cclemsoney@goodreads.com,Male,3/2/1986
29-6264348,Nancey,Abrahamovitz,nabrahamovitzez@oracle.com,Female,3/29/1973
98-3635602,Prentice,Troni,ptronif0@wikia.com,Male,5/5/1978
16-1857817,Stephie,Ludford,sludfordf1@mozilla.org,Female,9/18/1972
06-2753083,Earle,Souness,esounessf2@desdev.cn,Male,5/16/1961
87-4813129,Eleen,Peperell,epeperellf3@tumblr.com,Female,6/18/1982
81-3065920,Irv,Bullingham,ibullinghamf4@timesonline.co.uk,Male,2/12/1986
39-2661145,Marquita,Joy,mjoyf5@forbes.com,Female,3/4/1978
06-3054692,Gibbie,Seyffert,gseyffertf6@opera.com,Male,3/19/2002
82-9617398,Kristi,Cardenas,kcardenasf7@facebook.com,Female,10/3/1961
37-5535032,Bette,Reyna,breynaf8@purevolume.com,Female,7/16/2000
50-0487115,Arvy,Riceards,ariceardsf9@networkadvertising.org,Male,4/29/1960
68-8604253,Meghann,Paulton,mpaultonfa@google.com,Female,7/20/1975
40-2042874,Kennedy,Sidebotham,ksidebothamfb@booking.com,Male,7/3/1975
79-6713323,Mathias,Strickland,mstricklandfc@cafepress.com,Male,1/27/1964
25-4729620,Bernadette,McQuaid,bmcquaidfd@foxnews.com,Female,5/16/1991
99-9276260,Griffy,Scurrer,gscurrerfe@thetimes.co.uk,Male,11/29/2003
35-7201941,Cathleen,Rivalant,crivalantff@spiegel.de,Female,2/25/2001
13-1468982,Ray,Bollard,rbollardfg@chicagotribune.com,Female,1/20/1991
16-1671565,Deeyn,Rogeron,drogeronfh@geocities.jp,Female,6/13/1959
41-2545162,Shaina,Griswood,sgriswoodfi@auda.org.au,Female,3/28/1988
53-2085610,Brunhilda,Stephens,bstephensfj@mapquest.com,Female,10/9/2005
39-8132579,Carmelia,Oakwell,coakwellfk@youtube.com,Female,2/7/1977
65-7864615,Ichabod,Anlay,ianlayfl@mlb.com,Male,1/17/1973
41-5481233,Marcy,Tartt,mtarttfm@ifeng.com,Female,7/31/1992
74-6765749,Edsel,Hessay,ehessayfn@google.co.jp,Male,1/14/1958
56-3981304,Joshia,Weekley,jweekleyfo@sciencedaily.com,Male,12/13/1988
48-9392205,Panchito,Armour,parmourfp@intel.com,Male,10/28/1969
67-8071692,Edgar,Alvin,ealvinfq@ezinearticles.com,Male,8/10/1966
01-9517145,Vladimir,Clemens,vclemensfr@ucla.edu,Male,11/1/1998
32-5879061,Xaviera,Learmouth,xlearmouthfs@boston.com,Female,3/19/1984
20-2610566,Dalenna,Playford,dplayfordft@woothemes.com,Female,12/22/1989
81-8969149,Malvina,Hitzschke,mhitzschkefu@canalblog.com,Female,3/13/1984
08-9770628,Cynthia,Hamblett,chamblettfv@army.mil,Female,9/5/1983
62-4089209,Aurthur,Eykel,aeykelfw@usda.gov,Male,6/4/1959
84-3051222,Maggi,Bown,mbownfx@gizmodo.com,Female,11/17/1986
10-1582851,Annecorinne,Skally,askallyfy@addthis.com,Female,8/24/1958
57-9708894,Alvie,Hehl,ahehlfz@chron.com,Male,12/17/2000
69-9925313,Rourke,Highton,rhightong0@sfgate.com,Male,6/9/1977
11-6356977,Ailbert,Ellesworthe,aelleswortheg1@economist.com,Male,4/24/1964
34-8176791,Hartley,Coch,hcochg2@123-reg.co.uk,Male,10/30/2007
24-9437167,Alister,Daughtrey,adaughtreyg3@infoseek.co.jp,Male,12/30/2003
52-2377174,Frederick,Sandhill,fsandhillg4@vistaprint.com,Male,4/12/1998
38-6118669,Bernhard,Bruno,bbrunog5@slate.com,Male,5/31/2003
05-5243348,Iggy,Edmundson,iedmundsong6@t.co,Male,3/7/2005
11-1987420,Lida,Pimley,lpimleyg7@tumblr.com,Female,5/5/1958
19-6291416,Edward,Brocklehurst,ebrocklehurstg8@cdbaby.com,Male,7/18/1957
57-5665263,Elyssa,Wilmut,ewilmutg9@naver.com,Female,4/5/1996
24-5732235,Alfreda,Blacksland,ablackslandga@dmoz.org,Female,10/31/1963
55-9395950,Gretta,Jobe,gjobegb@t-online.de,Female,2/10/1988
64-5873547,Tandie,Parradice,tparradicegc@dot.gov,Female,8/5/2008
69-7346638,Aurea,Kraft,akraftgd@free.fr,Female,12/21/1978
58-8709601,Melisa,Aleshkov,maleshkovge@jimdo.com,Female,8/5/1970
01-6987136,Madelina,Toten,mtotengf@canalblog.com,Female,9/2/2005
67-7696737,Evyn,Tonsley,etonsleygg@comsenz.com,Male,12/24/2001
90-8049297,Odo,Lines,olinesgh@canalblog.com,Male,6/7/1987
70-7785651,Sella,Battie,sbattiegi@wikimedia.org,Female,12/15/2001
54-1706482,Chrisse,Dericot,cdericotgj@dell.com,Male,9/26/1979
52-0120020,Selene,Strudwick,sstrudwickgk@sphinn.com,Female,7/22/1965
58-2320983,Steffie,Duerden,sduerdengl@opensource.org,Female,12/14/1991
21-1745523,Therese,Vidler,tvidlergm@cdbaby.com,Female,8/30/1959
30-7924731,Solomon,Franzonetti,sfranzonettign@csmonitor.com,Male,8/18/1966
69-0414375,Kenneth,Wareham,kwarehamgo@cornell.edu,Male,10/11/1957
32-1570531,Carolin,Toke,ctokegp@ask.com,Female,1/6/2006
37-5357526,Bunny,Scarffe,bscarffegq@apple.com,Female,4/11/1961
26-4331821,Alexi,Sandeford,asandefordgr@state.tx.us,Female,7/26/1995
34-2641610,Christian,Linster,clinstergs@state.tx.us,Female,9/20/1961
79-0839411,Marissa,Overpool,moverpoolgt@tripadvisor.com,Female,8/17/1961
29-1516194,Tana,Toner,ttonergu@alexa.com,Female,1/16/1982
39-5412064,Pembroke,Rontsch,prontschgv@google.co.uk,Male,2/27/1960
36-6570819,Jsandye,Brower,jbrowergw@pcworld.com,Female,7/11/1996
25-0994246,Kimbell,Gornar,kgornargx@xrea.com,Male,12/15/1992
98-3705096,Parke,Lethbridge,plethbridgegy@google.com.hk,Male,10/11/2000
39-7179654,Kristofor,Hogsden,khogsdengz@ocn.ne.jp,Male,8/7/1968
72-7454338,Teador,Bough,tboughh0@adobe.com,Male,6/24/1997
15-4774426,Cecelia,Taillant,ctaillanth1@google.ca,Female,7/6/2003
96-4086165,Julie,Gillanders,jgillandersh2@mashable.com,Female,3/8/1984
73-9883296,Kristy,Hambribe,khambribeh3@list-manage.com,Female,7/22/1967
58-2602669,Francis,Shufflebotham,fshufflebothamh4@accuweather.com,Male,3/14/1989
36-8661183,Tandy,Jaycox,tjaycoxh5@fda.gov,Female,6/11/2008
83-1819456,Giraud,Schieferstein,gschiefersteinh6@illinois.edu,Male,8/6/1997
94-3626142,Ophelie,Linggood,olinggoodh7@senate.gov,Female,5/11/1998
00-2103831,Evelin,Raittie,eraittieh8@newsvine.com,Male,2/14/2002
53-1939309,Sheryl,Sayes,ssayesh9@skype.com,Female,5/14/1997
91-8368852,Louisa,Bethune,lbethuneha@google.ca,Female,10/2/1996
90-6509094,Marga,Durbin,mdurbinhb@kickstarter.com,Female,1/8/1994
55-7209093,Noby,Corrado,ncorradohc@csmonitor.com,Male,9/3/1992
84-0829188,Robby,Rassmann,rrassmannhd@illinois.edu,Male,9/28/1967
27-0151163,Kenn,Draisey,kdraiseyhe@alexa.com,Male,11/29/1997
57-5915748,Zollie,Kemball,zkemballhf@marriott.com,Male,8/10/1974
90-5458977,Berkeley,Jerrold,bjerroldhg@over-blog.com,Male,12/21/2007
18-5949680,Carlyn,Pape,cpapehh@time.com,Female,10/17/1968
63-3114845,Anissa,Jewess,ajewesshi@google.co.jp,Female,8/13/1996
13-5949100,Chase,Lulham,clulhamhj@umn.edu,Male,6/29/1971
49-8837007,Weylin,Kinnerley,wkinnerleyhk@zdnet.com,Male,6/24/1966
35-5064870,Derwin,Dayne,ddaynehl@pen.io,Male,1/19/1993
04-9363208,Adda,Aveyard,aaveyardhm@archive.org,Female,5/20/1996
22-4168790,Leonard,Thiese,lthiesehn@prlog.org,Male,12/1/1970
06-8566448,Lezley,Gurden,lgurdenho@simplemachines.org,Male,9/15/1961
52-2402680,Carine,Wyllcock,cwyllcockhp@amazon.de,Female,4/17/1962
28-0664219,Merola,Kobieriecki,mkobierieckihq@surveymonkey.com,Female,2/28/1960
17-5946640,Art,Kivlin,akivlinhr@patch.com,Male,7/5/1981
00-0077849,Creighton,Whicher,cwhicherhs@ucoz.com,Male,5/19/1990
45-6269884,Leslie,Varnam,lvarnamht@etsy.com,Male,11/9/1959
34-4000032,Audrye,Novakovic,anovakovichu@mozilla.org,Female,12/10/1967
13-1565762,Adler,Weston,awestonhv@discovery.com,Male,9/13/1994
91-7955653,Chevalier,Willcock,cwillcockhw@creativecommons.org,Male,9/29/1966
94-3646374,Aloin,Cullimore,acullimorehx@ebay.co.uk,Male,6/15/1994
43-3871839,Arabela,Wetherby,awetherbyhy@51.la,Female,1/19/1977
38-3667293,Cart,Noble,cnoblehz@imdb.com,Male,5/28/1965
50-6289825,Leena,Issard,lissardi0@gizmodo.com,Female,10/26/1958
12-6581491,Bethina,Dillinton,bdillintoni1@technorati.com,Female,4/22/1978
73-6745325,Nada,Ardling,nardlingi2@jimdo.com,Female,1/21/1976
95-8131503,Renaud,Tippetts,rtippettsi3@go.com,Male,4/30/1967
85-1568163,Tammara,Kaplin,tkaplini4@home.pl,Female,10/27/1970
36-5498751,Chadd,Danter,cdanteri5@free.fr,Male,10/4/1995
24-6441987,Niki,Stagg,nstaggi6@a8.net,Male,11/30/1972
94-4646112,Thurstan,Latey,tlateyi7@ifeng.com,Male,12/6/1967
57-6235979,Faina,Kunzler,fkunzleri8@scientificamerican.com,Female,7/19/1969
92-5945830,Konstanze,Pocke,kpockei9@uol.com.br,Female,5/20/2004
05-8327655,Flint,Aizlewood,faizlewoodia@slideshare.net,Male,2/20/1972
48-5312069,Win,Mallaby,wmallabyib@senate.gov,Male,3/23/1986
58-7647242,Korie,Ales0,kalesic@huffingtonpost.com,Female,10/2/1996
08-4391781,Catherine,Andrysek,candrysekid@ebay.com,Female,2/25/1987
08-8515756,Norina,Klimke,nklimkeie@businessinsider.com,Female,6/24/1982
01-6076525,Randolf,Forder,rforderif@360.cn,Male,7/30/1957
55-5789208,Arron,Greatham,agreathamig@netlog.com,Male,5/20/2006
54-5006087,Irvine,Hinsche,ihinscheih@hexun.com,Male,5/26/1984
44-9351885,Stevy,Loynes,sloynesii@barnesandnoble.com,Male,8/16/1992
18-8555588,Farly,Kempston,fkempstonij@hubpages.com,Male,2/2/1959
16-2218407,Tami,Ind,tindik@independent.co.uk,Female,3/9/1965
98-7470934,Lane,Flinders,lflindersil@trellian.com,Female,1/27/1995
12-1545850,Doretta,Grombridge,dgrombridgeim@miibeian.gov.cn,Female,2/13/1988
64-6972905,Drusilla,Buckeridge,dbuckeridgein@hhs.gov,Female,1/1/1962
90-0794962,Brita,Echallier,bechallierio@whitehouse.gov,Female,8/11/2007
74-0767916,Thom,Catford,tcatfordip@dedecms.com,Male,5/9/2003
97-4942962,Rubin,Glasebrook,rglasebrookiq@cyberchimps.com,Male,9/25/2004
84-6856011,Dmitri,Andreutti,dandreuttiir@tmall.com,Male,2/2/1960
30-4571591,Ailbert,Wills,awillsis@devhub.com,Male,11/23/1996
89-2526622,Ileane,Glass,iglassit@pagesperso-orange.fr,Female,7/7/1999
88-0093787,Nadeen,Mosdell,nmosdelliu@dyndns.org,Female,7/13/1997
56-5510437,Timmi,Buessen,tbuesseniv@merriam-webster.com,Female,5/5/1984
82-1003306,Adrienne,Koppel,akoppeliw@nsw.gov.au,Female,11/12/1972
83-8034145,Correy,Moulsdale,cmoulsdaleix@linkedin.com,Male,9/1/2005
87-4159068,Mignon,Piquard,mpiquardiy@chicagotribune.com,Female,2/23/1964
82-3727136,Renado,Whordley,rwhordleyiz@redcross.org,Male,4/21/1999
44-1860377,Felizio,Oneal,fonealj0@diigo.com,Male,11/20/1957
54-5183105,Mart,Dickey,mdickeyj1@opensource.org,Male,6/24/1988
06-3342741,Juliane,Rubinfajn,jrubinfajnj2@ycombinator.com,Female,7/6/1967
27-2987761,Aggie,Blunsen,ablunsenj3@infoseek.co.jp,Female,11/17/1997
93-7542351,Trueman,Rubinshtein,trubinshteinj4@mashable.com,Male,3/27/1983
59-1243788,Emmerich,Corkel,ecorkelj5@mozilla.org,Male,10/4/1987
33-3750540,Daveen,Elcombe,delcombej6@cdc.gov,Female,1/13/1983
20-2890010,Adolphus,Cranmere,acranmerej7@behance.net,Male,2/9/2006
59-2874103,Aldin,Rewcassell,arewcassellj8@springer.com,Male,3/19/1996
57-6059513,Ashbey,Elloway,aellowayj9@scribd.com,Male,8/21/1965
03-2823070,Northrup,Shapland,nshaplandja@goo.gl,Male,6/17/1969
72-6789324,Trefor,Crispe,tcrispejb@soundcloud.com,Male,12/2/1986
67-2518307,Frieda,Ballchin,fballchinjc@about.com,Female,9/13/1978
84-3753065,Kipper,Twiddy,ktwiddyjd@si.edu,Male,1/6/1957
75-9827778,Melvin,Coxhell,mcoxhellje@geocities.com,Male,10/24/2005
58-1276224,Melvin,Hartus,mhartusjf@cnbc.com,Male,11/1/2005
54-8055667,Merrilee,Yabsley,myabsleyjg@accuweather.com,Female,11/18/2001
54-1170432,Shelbi,Daggett,sdaggettjh@ox.ac.uk,Female,8/14/1984
83-8059003,Mona,Zealy,mzealyji@weibo.com,Female,1/10/1972
19-6173995,Onfroi,Gabbidon,ogabbidonjj@imageshack.us,Male,7/10/1987
68-0673594,Aggi,Lydall,alydalljk@multiply.com,Female,8/20/1984
01-3596679,Markos,Standrin,mstandrinjl@geocities.com,Male,4/29/1970
35-9592811,Porty,Chason,pchasonjm@ocn.ne.jp,Male,1/9/1995
46-4979436,Abbe,Tankus,atankusjn@yale.edu,Male,11/5/1982
53-5263707,Knox,Hatrey,khatreyjo@microsoft.com,Male,3/13/2008
58-0953323,Lorin,Ladel,lladeljp@foxnews.com,Male,4/3/1974
24-2253608,Moria,Bigglestone,mbigglestonejq@creativecommons.org,Female,7/12/1972
87-4507092,Alyosha,Stubbington,astubbingtonjr@bravesites.com,Male,1/18/1958
47-1887387,Cassandre,Martina,cmartinajs@census.gov,Female,2/19/1985
10-7451811,Dolli,Lampart,dlampartjt@com.com,Female,8/26/1974
07-8929053,Leonard,Buckell,lbuckellju@cnet.com,Male,4/26/2001
96-7951795,Reena,Gantzer,rgantzerjv@cornell.edu,Female,10/26/2001
24-1344690,Myrtia,Jersh,mjershjw@goo.gl,Female,3/28/2001
87-8463884,Casandra,Brownhall,cbrownhalljx@wufoo.com,Female,9/5/1986
33-1691157,Heda,Chippendale,hchippendalejy@patch.com,Female,2/22/1962
35-8588947,Marielle,Redmond,mredmondjz@360.cn,Female,10/20/1976
00-1669751,Melody,Collinge,mcollingek0@vistaprint.com,Female,3/18/1985
69-1468841,Tabb,Librey,tlibreyk1@photobucket.com,Male,11/12/1969
87-7112759,Lemmy,Checchetelli,lchecchetellik2@hao123.com,Male,10/26/1978
20-2347555,Peggi,Noquet,pnoquetk3@devhub.com,Female,10/12/1972
76-5199571,Felipe,Martelet,fmarteletk4@bbc.co.uk,Male,2/15/1976
25-3617451,Cathy,Swyre,cswyrek5@eventbrite.com,Female,12/28/1969
81-7071553,Tomas,Cota,tcotak6@bandcamp.com,Male,9/10/1961
46-6363446,Noell,Mallabon,nmallabonk7@biglobe.ne.jp,Female,10/28/1979
36-1870380,Kain,Gianolini,kgianolinik8@phoca.cz,Male,4/10/2007
71-9296096,Deanna,Kelson,dkelsonk9@hatena.ne.jp,Female,10/28/2007
19-1315276,Idette,Lipgens,ilipgenska@state.gov,Female,2/7/1968
54-0947984,Tad,Meers,tmeerskb@shinystat.com,Male,8/11/2006
96-9640335,Kirsteni,McCorkindale,kmccorkindalekc@webeden.co.uk,Female,10/26/2003
42-0915500,Lou,Mapledoore,lmapledoorekd@nymag.com,Male,10/3/1980
62-6205271,Tommy,Swannie,tswannieke@ask.com,Female,8/19/1984
51-6446000,Carmel,Corstan,ccorstankf@github.io,Female,12/12/1996
12-6935867,Huberto,Lammerich,hlammerichkg@t.co,Male,11/21/1990
73-1491059,Eadmund,Emsley,eemsleykh@wikispaces.com,Male,10/10/1983
31-8242502,Erek,Gottelier,egottelierki@google.com,Male,4/15/2005
24-2504421,Paten,Denzey,pdenzeykj@goo.gl,Male,4/19/2000
10-1671933,Gena,Belbin,gbelbinkk@last.fm,Female,12/24/1957
79-1285183,Virgie,Figge,vfiggekl@sciencedirect.com,Female,6/5/1993
85-4837456,Nina,Downie,ndowniekm@ucla.edu,Female,9/21/1964
92-4126012,Randolf,Jebb,rjebbkn@noaa.gov,Male,2/27/1968
42-7213318,Washington,Haselup,whaselupko@amazon.co.uk,Male,10/29/1967
55-1512026,Garrett,Paulon,gpaulonkp@springer.com,Male,1/24/1972
08-2903805,Gannon,Saladine,gsaladinekq@photobucket.com,Male,8/17/1976
60-2018951,Toni,Howis,thowiskr@ted.com,Female,1/5/1974
07-9988929,Verine,Attoc,vattocks@macromedia.com,Female,8/26/2006
18-7134337,Marlowe,Spruce,msprucekt@wsj.com,Male,3/7/1992
53-0911666,Ulrich,Dimmer,udimmerku@google.es,Male,1/13/1992
43-9467874,Mortimer,Lally,mlallykv@ucsd.edu,Male,6/26/1979
19-0373469,Raimundo,Kitley,rkitleykw@apache.org,Male,8/19/1992
96-3243557,Nyssa,Vasilchenko,nvasilchenkokx@prlog.org,Female,5/28/2004
83-9717254,Esma,Fidock,efidockky@mozilla.com,Female,6/29/1961
61-3435292,Shane,Brockelsby,sbrockelsbykz@quantcast.com,Female,7/29/1968
36-5799361,Clerc,Davidek,cdavidekl0@geocities.com,Male,8/4/1960
81-9460803,Harlene,Haller,hhallerl1@nhs.uk,Female,10/16/2003
95-2317157,Dion,MacKaig,dmackaigl2@hibu.com,Female,6/21/2008
76-4768039,Ellwood,Antrack,eantrackl3@china.com.cn,Male,11/23/1993
11-2203263,Stanly,Bawle,sbawlel4@businesswire.com,Male,11/23/1967
22-3150065,Bernette,Wilshere,bwilsherel5@utexas.edu,Female,8/30/1967
71-9356241,Neilla,Snare,nsnarel6@hugedomains.com,Female,11/19/1963
56-9950150,Margarete,Napolione,mnapolionel7@fastcompany.com,Female,5/20/1993
02-8196640,Leonard,Werndley,lwerndleyl8@miitbeian.gov.cn,Male,5/10/2000
88-4213692,Janith,Chatfield,jchatfieldl9@fema.gov,Female,4/13/1978
83-0002908,Rosemarie,Gianullo,rgianullola@nps.gov,Female,6/20/1977
69-5471496,Franny,Halliburton,fhalliburtonlb@naver.com,Female,5/27/1980
14-0555362,Hunfredo,Bridel,hbridellc@usgs.gov,Male,10/5/1971
56-4398787,Shaine,Cicutto,scicuttold@google.com.br,Male,3/6/1966
81-2917305,Eugenius,Leahair,eleahairle@bluehost.com,Male,6/15/1967
41-0931141,Katee,Posselwhite,kposselwhitelf@hc360.com,Female,11/16/1966
25-5273033,Park,Pendrid,ppendridlg@ocn.ne.jp,Male,7/28/1998
83-2860628,Demeter,Lapish,dlapishlh@smugmug.com,Female,2/13/1961
21-7972407,Roland,Carrick,rcarrickli@nyu.edu,Male,12/14/1999
79-8514142,Audi,Haselhurst,ahaselhurstlj@netscape.com,Female,1/31/1960
37-8384428,Doria,McJerrow,dmcjerrowlk@samsung.com,Female,3/29/1962
08-0636106,Kayle,Beszant,kbeszantll@csmonitor.com,Female,5/25/2004
47-9967114,Nate,Shewan,nshewanlm@macromedia.com,Male,1/16/1993
72-6936787,Rollins,Buchan,rbuchanln@sfgate.com,Male,3/29/1989
95-9095494,Blisse,Dhillon,bdhillonlo@sourceforge.net,Female,12/28/1957
28-4476549,Ellery,Gosling,egoslinglp@geocities.com,Male,5/15/1967
15-3381700,Wesley,Ibbott,wibbottlq@theglobeandmail.com,Male,7/2/1984
67-0951963,Dar,Pittet,dpittetlr@blog.com,Male,12/28/1987
12-0161271,Hayward,Chinnery,hchinneryls@dagondesign.com,Male,9/17/1969
93-6638718,Dexter,Asty,dastylt@fc2.com,Male,10/30/1960
16-9640915,Renard,Mitton,rmittonlu@unesco.org,Male,7/8/1981
00-4162815,Karrie,Kirke,kkirkelv@clickbank.net,Female,12/11/1968
72-2990735,Leonelle,Lynett,llynettlw@ted.com,Female,9/29/1977
52-1216524,Cheri,Cressingham,ccressinghamlx@hud.gov,Female,3/23/1997
00-1515652,Michaela,Loncaster,mloncasterly@msu.edu,Female,1/10/1976
74-0025220,Carolyne,Gantzer,cgantzerlz@smugmug.com,Female,7/4/1970
87-0937580,Clayton,Speake,cspeakem0@prnewswire.com,Male,9/25/1973
19-9425681,Roxie,Gerrard,rgerrardm1@marketwatch.com,Female,9/17/1985
52-5065289,Carolyn,Egdale,cegdalem2@amazon.de,Female,2/23/1978
64-5350937,Gert,O'Cannovane,gocannovanem3@squarespace.com,Female,4/10/1992
36-0405077,Morena,Veschambes,mveschambesm4@yahoo.com,Female,12/30/1974
47-4213963,Francklyn,Lenden,flendenm5@walmart.com,Male,5/17/1964
68-2625448,Terry,Crawshay,tcrawshaym6@ezinearticles.com,Male,10/5/1964
57-4227408,Clarinda,McIntosh,cmcintoshm7@nydailynews.com,Female,4/8/2004
33-1958186,Charleen,Dumphries,cdumphriesm8@aol.com,Female,8/16/1980
59-6813500,Asia,Ebbens,aebbensm9@hao123.com,Female,2/4/1979
29-7703517,Carce,Cranage,ccranagema@seattletimes.com,Male,7/3/1981
76-2659823,Ranna,Camois,rcamoismb@google.com,Female,10/9/1976
30-2649196,Caz,Stabler,cstablermc@virginia.edu,Male,3/25/2008
07-4321380,Jasmina,Kornyakov,jkornyakovmd@cnbc.com,Female,7/29/1985
35-5423107,Trever,Isaq,tisaqme@surveymonkey.com,Male,1/1/2004
56-2939519,Dale,Duny,ddunymf@sphinn.com,Female,6/30/1976
60-9779682,Vivian,Magnus,vmagnusmg@homestead.com,Female,7/30/1975
76-3386537,Maryann,Kenewel,mkenewelmh@tumblr.com,Female,1/5/1996
61-5316951,Fabio,Murty,fmurtymi@epa.gov,Male,9/12/1980
78-2885304,Gerry,Daughton,gdaughtonmj@123-reg.co.uk,Male,4/22/1957
99-9771429,Carlina,McClune,cmcclunemk@goo.gl,Female,12/14/1971
15-5327307,Darda,Berardt,dberardtml@1688.com,Female,6/11/1978
64-3629179,Mora,Cossom,mcossommm@list-manage.com,Female,8/15/1997
31-4338255,Filberte,Danigel,fdanigelmn@kickstarter.com,Male,1/7/1996
04-4415088,Brion,Pfaffel,bpfaffelmo@virginia.edu,Male,9/25/1977
68-9624082,Clare,Doumic,cdoumicmp@jiathis.com,Male,4/22/1958
78-9193824,Ev,Kirkwood,ekirkwoodmq@gravatar.com,Male,8/15/1971
67-6741549,Cory,Celloni,ccellonimr@yellowpages.com,Female,5/14/1963
44-7977672,Ravi,Sigmund,rsigmundms@wikia.com,Male,4/29/1986
71-8355891,Alysa,Sigg,asiggmt@bandcamp.com,Female,4/2/1981
60-1910158,Rachele,Godsell,rgodsellmu@behance.net,Female,10/17/1958
83-8158828,Montgomery,Videler,mvidelermv@cbsnews.com,Male,3/3/1980
25-5616098,Mabel,Robison,mrobisonmw@washington.edu,Female,1/24/1997
85-4541660,Jaimie,Hayselden,jhayseldenmx@sun.com,Male,8/8/1964
67-2041019,Tamas,Leisk,tleiskmy@quantcast.com,Male,8/2/1959
58-2634945,Reeta,Wretham,rwrethammz@w3.org,Female,6/3/2007
22-0197873,Linnea,Eayres,leayresn0@tumblr.com,Female,12/25/1992
81-0703591,Claiborne,Oman,comann1@soup.io,Male,1/19/1968
50-2416086,Gusty,Stanex,gstanexn2@google.com.au,Female,10/23/1984
97-3942434,Chaim,Collick,ccollickn3@oaic.gov.au,Male,6/10/2005
25-0768566,Joelly,Natte,jnatten4@mayoclinic.com,Female,5/15/1996
22-7850116,Kennan,Madders,kmaddersn5@apple.com,Male,12/1/2006
05-4923851,Janaya,Gerram,jgerramn6@ebay.com,Female,3/25/1989
58-4929370,Lisa,Strattan,lstrattann7@dagondesign.com,Female,2/28/1975
84-1322775,Cari,Thurner,cthurnern8@wikipedia.org,Female,8/15/2005
29-1067071,Smitty,Dinneges,sdinnegesn9@cnn.com,Male,7/25/1973
96-5187236,Chris,Codd,ccoddna@purevolume.com,Male,6/12/1974
79-0919150,Antonella,Reichhardt,areichhardtnb@cornell.edu,Female,12/8/1962
64-5656052,Tresa,Mantle,tmantlenc@sbwire.com,Female,4/11/1982
19-2493806,Daloris,Whetland,dwhetlandnd@free.fr,Female,3/10/2002
57-5573852,Randie,Calvard,rcalvardne@dedecms.com,Male,12/28/1967
54-5769376,Britte,Snowling,bsnowlingnf@bloomberg.com,Female,10/19/1995
38-6152748,Gianna,Bouda,gboudang@mtv.com,Female,5/15/1995
30-9377646,Danell,Crus,dcrusnh@godaddy.com,Female,5/10/1979
30-8987806,Pat,Rawdall,prawdallni@elegantthemes.com,Female,8/5/1969
78-2323206,Nicolis,Gooch,ngoochnj@google.cn,Male,11/26/1968
87-6883056,Grete,Tock,gtocknk@indiatimes.com,Female,6/24/1983
96-2682401,Brigid,Ryde,brydenl@multiply.com,Female,5/21/1991
12-7115438,Beatrice,Maidment,bmaidmentnm@sun.com,Female,4/13/2008
53-2492717,Garvin,Challen,gchallennn@census.gov,Male,10/17/1960
78-8040868,Tucker,Kew,tkewno@uol.com.br,Male,12/17/1994
67-9366333,Sibbie,Tarrant,starrantnp@mozilla.com,Female,10/30/2004
61-5346090,Nobie,Hunt,nhuntnq@yandex.ru,Male,9/21/1991
81-2641519,Zarah,Culshaw,zculshawnr@apache.org,Female,1/5/1986
86-1282563,Vallie,La Wille,vlawillens@businesswire.com,Female,12/30/2007
45-7194993,Kira,Rubee,krubeent@google.nl,Female,10/4/1971
31-2406082,Holt,Bomb,hbombnu@imgur.com,Male,12/23/1982
95-6961721,Marcel,Gaydon,mgaydonnv@aboutads.info,Male,5/20/1963
39-7666597,Vilma,Ensley,vensleynw@moonfruit.com,Female,1/17/1999
39-6110479,Guillema,Veque,gvequenx@arizona.edu,Female,3/11/1975
06-0991345,Clyde,Blakeley,cblakeleyny@army.mil,Male,2/16/1964
67-8379030,Quinn,Ferri,qferrinz@prlog.org,Male,8/29/1957
84-7321971,Aprilette,Ochiltree,aochiltreeo0@meetup.com,Female,12/21/1994
50-5772945,Grazia,Fillon,gfillono1@narod.ru,Female,6/22/1975
57-2572174,Pam,Topper,ptoppero2@state.tx.us,Female,1/16/1967
69-8150308,Garrick,Lysons,glysonso3@twitpic.com,Male,12/19/1964
03-0377161,Sheryl,Asple,saspleo4@alexa.com,Female,9/19/2000
49-4075765,Madelon,Tiplady,mtipladyo5@opensource.org,Female,8/12/1972
48-4889139,Maddi,MacMeekan,mmacmeekano6@archive.org,Female,8/13/1979
81-2404202,Adara,Behnke,abehnkeo7@vistaprint.com,Female,12/17/1991
75-9141331,Milicent,Waind,mwaindo8@weibo.com,Female,5/10/1985
13-6803293,Lincoln,Feetham,lfeethamo9@hibu.com,Male,2/18/1992
42-8515767,Bobby,McConachie,bmcconachieoa@t-online.de,Male,5/19/1983
46-9959939,Iorgo,Pickwell,ipickwellob@t-online.de,Male,5/4/1999
01-8552115,Caralie,Javes,cjavesoc@ihg.com,Female,9/6/2004
75-5424542,Herrick,Agronski,hagronskiod@google.de,Male,12/9/2001
13-7805565,Burty,Ponceford,bponcefordoe@de.vu,Male,9/16/1974
14-9561214,Willi,Whellans,wwhellansof@uiuc.edu,Male,2/15/1975
81-0005964,Wolfie,McGray,wmcgrayog@printfriendly.com,Male,1/15/1967
22-5088761,Briny,Dickie,bdickieoh@blogspot.com,Female,4/14/1999
39-1034807,Hedy,Noice,hnoiceoi@zimbio.com,Female,12/5/1957
52-0100377,Herve,Jeyes,hjeyesoj@europa.eu,Male,9/4/1999
71-2505922,Aurilia,Jakubowski,ajakubowskiok@fda.gov,Female,12/19/1991
40-2771564,Garry,Neve,gneveol@technorati.com,Male,6/24/1975
28-7255973,Miranda,Troillet,mtroilletom@blogger.com,Female,12/4/1973
73-8893984,Gayla,Chaffer,gchafferon@loc.gov,Female,7/12/2000
09-9609267,Ranna,O'Kynsillaghe,rokynsillagheoo@bigcartel.com,Female,1/20/1990
86-0932844,Ivor,Sheal,ishealop@bbb.org,Male,8/5/1987
43-7058533,Orion,Odeson,oodesonoq@umich.edu,Male,9/13/2002
71-6921968,Babbette,Myers,bmyersor@huffingtonpost.com,Female,2/17/1974
39-2312425,Win,Beavan,wbeavanos@yellowbook.com,Male,11/16/2000
00-3215232,Everard,Jeffress,ejeffressot@slashdot.org,Male,10/19/2002
63-9895721,Zorana,Merali,zmeraliou@vistaprint.com,Female,3/27/1983
78-9778712,Falkner,Lere,flereov@plala.or.jp,Male,9/22/1972
08-9251572,Orsa,Feaveer,ofeaveerow@japanpost.jp,Female,7/15/1961
54-1211898,Buffy,Gouth,bgouthox@china.com.cn,Female,10/23/1959
94-4740367,Sharyl,Warwick,swarwickoy@cpanel.net,Female,8/27/1967
20-3478822,Catina,Hillburn,chillburnoz@marriott.com,Female,6/1/1966
66-9719163,Duffy,Grigoriscu,dgrigoriscup0@ebay.com,Male,3/21/1991
26-6740678,Patrick,Kobu,pkobup1@chicagotribune.com,Male,9/9/1957
25-4669977,Von,Bowland,vbowlandp2@buzzfeed.com,Male,4/9/1987
08-3049221,Ibbie,Gillmore,igillmorep3@umich.edu,Female,5/16/1985
63-2728414,Lizbeth,Wantling,lwantlingp4@smh.com.au,Female,11/13/1977
81-2867694,Dode,Levesque,dlevesquep5@oakley.com,Female,3/27/1991
87-4867006,Kariotta,Kobisch,kkobischp6@omniture.com,Female,6/7/1977
62-1783401,Ericka,Matherson,emathersonp7@army.mil,Female,6/5/1985
77-0670781,Karia,Filshin,kfilshinp8@mlb.com,Female,4/20/1973
86-1968920,Hunfredo,Work,hworkp9@alexa.com,Male,2/18/2000
75-8833388,Lemuel,Chatteris,lchatterispa@ucoz.com,Male,10/13/1981
93-1214387,Brnaby,Chimienti,bchimientipb@uiuc.edu,Male,8/21/1977
90-3931443,Raff,Normanvill,rnormanvillpc@jiathis.com,Male,5/31/1992
61-9598763,Brigham,Tardiff,btardiffpd@feedburner.com,Male,11/2/1961
39-4855522,Holly-anne,Grandisson,hgrandissonpe@stumbleupon.com,Female,9/14/2004
60-5418279,Berrie,Chantler,bchantlerpf@imdb.com,Female,4/3/2000
38-8753659,Dehlia,Wheatley,dwheatleypg@bizjournals.com,Female,6/12/1960
56-1473053,Bucky,Escalante,bescalanteph@live.com,Male,3/9/2006
21-7648418,Berrie,Boom,bboompi@dagondesign.com,Female,5/23/1970
91-2777791,Leonanie,Gainseford,lgainsefordpj@auda.org.au,Female,3/17/1986
61-1065067,Crosby,Paxforde,cpaxfordepk@sciencedirect.com,Male,10/15/1999
22-0592612,Maribelle,Scarf,mscarfpl@lulu.com,Female,1/10/1990
66-0620650,Melva,Casemore,mcasemorepm@is.gd,Female,9/17/1992
52-3162025,Alf,Mendonca,amendoncapn@moonfruit.com,Male,3/29/2001
94-2584541,Korella,O'Sculley,kosculleypo@theatlantic.com,Female,2/21/1991
16-0471107,Clifford,Bardwall,cbardwallpp@hexun.com,Male,2/26/2005
59-0803765,Alair,Cutriss,acutrisspq@forbes.com,Male,7/20/1966
90-2155502,Ida,Andriveaux,iandriveauxpr@google.ru,Female,7/19/1992
75-0921279,Guido,McGreay,gmcgreayps@baidu.com,Male,3/25/1966
81-0307058,Carny,Hanmore,chanmorept@phpbb.com,Male,4/27/1983
77-8561182,Hansiain,Fort,hfortpu@livejournal.com,Male,11/24/1977
24-4578083,Kally,Lindstedt,klindstedtpv@reference.com,Female,1/14/1994
78-7866194,Almire,Dmitr,admitrpw@drupal.org,Female,2/24/1999
36-0146248,Wallie,Radish,wradishpx@mail.ru,Female,8/23/1970
60-2282040,Saunders,Spires,sspirespy@deviantart.com,Male,9/3/1957
81-0487137,Katerina,Wardrop,kwardroppz@photobucket.com,Female,7/4/1996
21-0308437,Pepillo,By,pbyq0@jalbum.net,Male,7/16/1983
85-1032005,Dorree,Napton,dnaptonq1@mtv.com,Female,4/6/2008
32-3160065,Remington,Osan,rosanq2@merriam-webster.com,Male,9/21/1989
86-5846078,Wandie,Hedman,whedmanq3@theatlantic.com,Female,8/25/1984
05-7338580,Mathilde,Bosher,mbosherq4@vistaprint.com,Female,8/18/1961
40-9551924,Noni,Elcombe,nelcombeq5@bigcartel.com,Female,11/16/1972
28-9429610,Brod,Balsellie,bbalsellieq6@sciencedirect.com,Male,10/26/1977
69-8640629,Chic,Tofano,ctofanoq7@admin.ch,Male,1/16/1972
50-1578050,Katya,Pumphreys,kpumphreysq8@cbslocal.com,Female,4/16/1993
05-9896457,Zaneta,Brunicke,zbrunickeq9@imgur.com,Female,10/22/2008
49-5611335,Dewitt,Houlaghan,dhoulaghanqa@yahoo.co.jp,Male,12/11/1977
53-6392438,Wenona,Souster,wsousterqb@ebay.com,Female,6/15/1982
64-9431679,Valerye,Sparling,vsparlingqc@hao123.com,Female,9/8/1983
11-8537785,Bruno,Chucks,bchucksqd@spotify.com,Male,5/26/1970
68-0246498,Bartolomeo,Bassom,bbassomqe@fema.gov,Male,3/22/1972
52-3334875,Lezley,Jurca,ljurcaqf@weather.com,Male,6/1/1965
03-2960032,Quentin,Furmston,qfurmstonqg@domainmarket.com,Female,5/7/2003
34-4513910,Rori,Redwin,rredwinqh@baidu.com,Female,1/22/1993
40-3581552,Neils,Gibbard,ngibbardqi@omniture.com,Male,11/12/1992
87-3544592,Myrlene,Ruos,mruosqj@scientificamerican.com,Female,6/21/1969
36-9824537,Vergil,Antoney,vantoneyqk@guardian.co.uk,Male,2/6/1982
14-1415965,Cyb,Jacobsson,cjacobssonql@spiegel.de,Female,2/21/1967
64-2387245,Zebadiah,Ivushkin,zivushkinqm@wikimedia.org,Male,4/23/2003
65-4059403,Hally,Cousin,hcousinqn@jalbum.net,Female,6/11/1980
23-3603185,Amalita,De L'Isle,adelisleqo@nhs.uk,Female,1/1/1984
28-9125076,Eugenio,Wahlberg,ewahlbergqp@nifty.com,Male,3/24/1958
19-5315556,Lissi,Dik,ldikqq@friendfeed.com,Female,10/12/1994
97-3883681,Carla,Sammonds,csammondsqr@biglobe.ne.jp,Female,7/19/1994
07-1197951,Neil,Keveren,nkeverenqs@sphinn.com,Male,7/3/1960
01-9725499,Joycelin,Meriet,jmerietqt@amazon.com,Female,2/19/1990
78-5919706,Jasper,Corkill,jcorkillqu@jimdo.com,Male,5/21/1966
10-9409038,Shem,Kinahan,skinahanqv@sbwire.com,Male,10/12/1966
66-8141441,Bambi,O'Crotty,bocrottyqw@rediff.com,Female,10/7/1958
70-0234014,Mel,Gane,mganeqx@paypal.com,Male,11/4/1962
08-3060983,Toddy,Linster,tlinsterqy@dmoz.org,Male,10/10/1991
64-0835263,Giraud,Mangan,gmanganqz@yellowbook.com,Male,7/6/1977
49-2709210,Martainn,Couvert,mcouvertr0@bloomberg.com,Male,5/26/1973
69-1317230,Siffre,Kynaston,skynastonr1@patch.com,Male,1/2/1974
07-2344501,Betteann,Jobson,bjobsonr2@nhs.uk,Female,10/1/1969
51-9378937,Laurens,Twell,ltwellr3@techcrunch.com,Male,6/2/2003
29-0989327,Daffi,Rendell,drendellr4@alexa.com,Female,3/8/2002
71-0158399,Pearla,Bogace,pbogacer5@amazon.co.jp,Female,2/27/1970
22-5596024,Gray,Gietz,ggietzr6@hud.gov,Male,9/6/1962
72-8573861,Breena,Thibodeaux,bthibodeauxr7@bbc.co.uk,Female,6/13/1963
94-1843892,Persis,Mair,pmairr8@diigo.com,Female,5/20/1972
08-1658756,Ardyth,Jeens,ajeensr9@imageshack.us,Female,9/11/1960
73-3840968,Christoffer,Sleeford,csleefordra@unesco.org,Male,12/1/1976
14-4382136,Gibby,Bickerstaff,gbickerstaffrb@prnewswire.com,Male,9/3/1958
62-8841430,Laurice,O'Leahy,loleahyrc@t.co,Female,3/22/1972
04-8069852,Kare,Clarae,kclaraerd@icio.us,Female,2/4/1971
26-0478829,Leanna,Liddiatt,lliddiattre@soundcloud.com,Female,2/16/2004
48-9494434,Alvinia,Girardi,agirardirf@disqus.com,Female,11/16/1993
40-3057817,Patric,Florey,pfloreyrg@sciencedaily.com,Male,5/30/1993
74-6079107,Sanson,Greenlies,sgreenliesrh@oakley.com,Male,4/17/1983
99-3380070,Pammy,Flaonier,pflaonierri@paginegialle.it,Female,8/1/1995
50-8018299,Alejoa,Polden,apoldenrj@alexa.com,Male,8/3/1966
59-0538927,Pat,Meekin,pmeekinrk@boston.com,Male,2/7/1971
16-8016043,Brinn,Gaythor,bgaythorrl@fotki.com,Female,11/23/1968
37-5881093,Gloriane,Kenchington,gkenchingtonrm@seesaa.net,Female,2/25/2007
61-7250623,Katinka,Peckitt,kpeckittrn@youtube.com,Female,8/18/1983
51-0707458,Sammie,Sarl,ssarlro@feedburner.com,Male,12/15/1968
80-3518865,Delcina,Beckerleg,dbeckerlegrp@cornell.edu,Female,3/16/1987
82-9991087,Janene,Toms,jtomsrq@google.de,Female,2/11/1977
35-6357024,Annamaria,Warin,awarinrr@adobe.com,Female,8/24/1970
